Price,Details,Title,Location,Time
"Rs1,250,000","2011 - 124,000 km",Suzuki Swift 2011 DLX,"GULISTAN-E-JAUHAR BLOCK 8, KARACHI",6 HOURS AGO
"Rs1,390,000","2014 - 67,000 km",SWIFT DX 14 MODEL OUTCLASS CAR,"GULSHAN-E-USMAN HOUSING SOCIETY, KARACHI",1 WEEK AGO
"Rs1,800,000","2018 - 63,920 km",Suzuki Swift 1.3 DLX with Navigation 2018,"KALMA CHOWK, LAHORE",2 WEEKS AGO
"Rs1,450,000","2015 - 87,500 km",Suzuki Swift 1.3 DLX,"FEDERAL B AREA, KARACHI",1 DAY AGO
"Rs1,440,000","2014 - 150,000 km",Suzuki Swift Dx 2014 model bumper to bumper geniune First hand,"JOHAR TOWN, LAHORE",1 WEEK AGO
"Rs1,560,000","2015 - 131,000 km",Suzuki Swift car book file jenein side paint baqi total jeniun,"SHADBAGH, LAHORE",4 WEEKS AGO
"Rs1,349,000","2013 - 93,000 km",Suzuki Swift 2013 DLX 1.3,"TARIQ GARDENS, LAHORE",31 MINUTES AGO
"Rs220,000","1997 - 13,579 km",3 car for sale Suzuki Mehran . Air condition khyber swift car,"NAZIMABAD, KARACHI",32 MINUTES AGO
"Rs1,200,000","2012 - 91,000 km",swift 2012 dx,FAISALABAD,1 HOUR AGO
"Rs1,255,000","2011 - 86,000 km",Suzuki Swift DLX 2011 Mint Condition btr dn xli city vitz mira cultus,"DEFENCE VIEW SOCIETY, KARACHI",1 HOUR AGO
"Rs1,525,000","2016 - 66,000 km",Suzuki Swift DXL ABS BREAK,SIALKOT,2 HOURS AGO
"Rs370,000","1993 - 100,000 km",suzuki swift 1000efi engine,PESHAWAR,2 HOURS AGO
"Rs1,470,000","2014 - 101,492 km",Suzuki Swift DLX modle 2014 for sale,"ADIALA ROAD, RAWALPINDI",2 HOURS AGO
"Rs1,685,000","2016 - 102,000 km",suzuki swift,"BAHRIA TOWN, LAHORE",2 HOURS AGO
"Rs1,425,000","2015 - 180,000 km",Suzuki Swift 1.3DX 2015,"DHA PHASE 2, LAHORE",3 HOURS AGO
"Rs1,200,000","2011 - 100,000 km","Suzuki Swift 2011 model, excellent performance","ALI VIEW GARDEN, LAHORE",3 HOURS AGO
"Rs1,200,000","2011 - 100,000 km","Suzuki Swift 2011 model, excellent performance","ALI VIEW GARDEN, LAHORE",3 HOURS AGO
"Rs1,090,000","2012 - 124,000 km",Swift 2012,"YOUSUF GOTH, KARACHI",3 HOURS AGO
"Rs1,325,000","2012 - 88,000 km",Suz uki swift dx,"BAHRIA TOWN, LAHORE",3 HOURS AGO
"Rs1,235,000","2013 - 149,507 km",SUZUKI SWIFT DLX 1.3,GUJRANWALA,3 HOURS AGO
"Rs2,325,000",2021 - 1 km,Suzuki swift 1.3 navigation automatic zero meter,"DHA PHASE 6, KARACHI",1 WEEK AGO
"Rs1,775,000","2017 - 46,000 km",Suzuki Swift 1.3 DLX Manual 2017 model Bumper to Bumper Original,"PECHS II, KARACHI",1 WEEK AGO
"Rs1,500,000","2007 - 97,000 km",suzuki swift,"GILLANI RAILWAY STATION, KARACHI",2 WEEKS AGO
"Rs1,275,000","2011 - 65,000 km",Suzuki Swift 1.3 Excellent Condition. Like New,"DHA PHASE 6, KARACHI",6 DAYS AGO
"Rs1,550,000","2014 - 99,000 km",*SUZUKI SWIFT 1.3 DLX* MANUAL TRANSMISSION,"JAMSHED ROAD, KARACHI",2 WEEKS AGO
"Rs1,580,000","2015 - 72,000 km",SUZUKI SWIFT DLX 1.3 NAVIGATION MODEL 2015 PEARL RED COLOR NEW TIRES. .,"UNIVERSITY ROAD, KARACHI",1 WEEK AGO
"Rs1,450,000","2014 - 80,000 km",Suzuki Swift Automatic with ful option,"SAMANABAD, LAHORE",4 HOURS AGO
"Rs1,420,000","2014 - 83,100 km",Suzuki swift Manuel price is almost final hai,SIALKOT,4 HOURS AGO
"Rs1,200,000","2011 - 30,000 km",Suzuki Swift 2011 9/10 Good Condition,LARKANA,4 HOURS AGO
"Rs1,330,000","2012 - 107,000 km",swift dlx,SARGODHA,4 HOURS AGO
"Rs250,000","1990 - 20,000 km",31 years old Suzuki Swift in refernish condition,"ALLAMA IQBAL TOWN, KARACHI",4 HOURS AGO
"Rs280,000","1989 - 149,179 km",Swift Japan Mint Condition,"GULSHAN-E-IQBAL BLOCK 10, KARACHI",6 HOURS AGO
"Rs1,240,000","2011 - 96,000 km",swift dlx 2011,"JAMSHED ROAD, KARACHI",6 HOURS AGO
"Rs1,550,000","2012 - 129,000 km",suzuki swift 1.3 automatic,SARGODHA,6 HOURS AGO
"Rs1,340,000","2012 - 135,000 km",suzuki Swift DLX,"NORTH KARACHI, KARACHI",6 HOURS AGO
"Rs1,350,000","2011 - 150,000 km",swift for sake,"KHAYABAN-E-TANVEER, RAWALPINDI",6 HOURS AGO
"Rs1,100,000","2010 - 135,000 km",Swift Gun Metalic DLX 1300cc,"G-8, ISLAMABAD",7 HOURS AGO
"Rs1,450,000","2013 - 84,000 km",Suzuki Swift Dlx 1.3 In Genuine Condition 100%,BAHAWALPUR,7 HOURS AGO
"Rs1,225,000","2011 - 129,000 km",Suzuki Swift 2011 Silver,RAHIMYAR KHAN,8 HOURS AGO
"Rs1,770,000","2018 - 45,000 km",suzuki swift Dlx navigation,"COMMERCIAL MARKET, RAWALPINDI",8 HOURS AGO
"Rs1,950,000","2017 - 25,000 km",Suzuki Swift 2017,"BAHRIA TOWN, ISLAMABAD",4 WEEKS AGO
"Rs280,000","1988 - 75,000 km",Suzuki Khyber Swift,"MALIR, KARACHI",2 WEEKS AGO
"Rs3,300,000","2019 - 520,000 km",Suzuki Swift,"JAMSHED ROAD, KARACHI",3 DAYS AGO
"Rs1,665,000","2016 - 92,000 km",suzuki swift dlx automatic 2016/2019,"SHADBAGH, LAHORE",3 DAYS AGO
"Rs1,880,000","2016 - 123,000 km",Suzuki Ignis Model 2016 Reg 2018 Hybrid 1290cc Swift/City/Mira/Vitz,"NORTH NAZIMABAD, KARACHI",3 DAYS AGO
"Rs1,795,000","2018 - 34,000 km",Suzuki Swift DLX Navigation,SIALKOT,8 HOURS AGO
"Rs1,350,000","2012 - 160,000 km",Swift 2012 model ABS Brakes,"VALENCIA TOWN, LAHORE",8 HOURS AGO
"Rs1,795,000","2018 - 34,000 km",Suzuki Swift DLX Navigation,SIALKOT,8 HOURS AGO
"Rs1,350,000","2011 - 70,000 km",2011 swift navigation total original/mint condition sound system.,"DHA PHASE 3, LAHORE",8 HOURS AGO
"Rs1,185,000","2010 - 81,500 km",Suzuki Swift 2010 DLX Full Options,"AIRPORT, KARACHI",8 HOURS AGO
"Rs1,485,000","2013 - 123,456 km",Suzuki swift 2013 model,"JOHAR TOWN, LAHORE",8 HOURS AGO
"Rs1,690,000","2017 - 82,200 km",Suzuki Swift For Sale,"BAHRIA TOWN, LAHORE",8 HOURS AGO
"Rs1,690,000","2017 - 82,200 km",Suzuki Swift For Sale,"BAHRIA TOWN, LAHORE",8 HOURS AGO
"Rs1,300,000","2011 - 112,000 km",Swift for sale in good condition,"SABZAZAR, LAHORE",9 HOURS AGO
"Rs320,000","1990 - 300,000 km",khyber swift,PESHAWAR,9 HOURS AGO
"Rs1,310,000","2010 - 129,000 km",Suzuki swift 2010,"MALIR, KARACHI",10 HOURS AGO
"Rs1,685,000","2016 - 102,000 km",Suizki swift 2016 for Sale,"BAHRIA TOWN, LAHORE",11 HOURS AGO
"Rs200,000","1990 - 55,555 km",My japanese khyber swift in white clr,"SAIMA ARABIAN VILLAS, KARACHI",11 HOURS AGO
"Rs1,350,000","2011 - 96,000 km",swift 2011 sale or exchange,WAH,11 HOURS AGO
"Rs1,900,000","2018 - 114,000 km",Swift DLX automatic 1.3,MULTAN,12 HOURS AGO
"Rs1,809,999","2018 - 51,500 km",Swift dlx 2018 with navigation,"CANTT, LAHORE",12 HOURS AGO
"Rs1,100,000","2012 - 150,000 km",suzuki swift 2012 model,HYDERABAD,12 HOURS AGO
"Rs1,125,000","2011 - 175,000 km",Suzuki Swift for sale 2011,OKARA,13 HOURS AGO
"Rs425,000","1992 - 100,000 km",Suzuki khyber swift model,"SABZAZAR, LAHORE",15 HOURS AGO
"Rs1,190,000",2012 - 107 km,swift dx 2012 urgent sale,"GULISTAN-E-JAUHAR BLOCK 14, KARACHI",15 HOURS AGO
"Rs1,750,000","2016 - 50,000 km",Suzuki Swift Automatic,"GULSHAN-E-IQBAL BLOCK 13, KARACHI",15 HOURS AGO
"Rs1,350,000","2012 - 85,000 km",2012 model swift. lhr num. . all doucmnt. . exchange possible. .,"7TH AVENUE, ISLAMABAD",16 HOURS AGO
"Rs1,280,000","2012 - 100,000 km",suzuki swift in outstanding condition,"MODEL TOWN, LAHORE",19 HOURS AGO
"Rs2,030,000","2019 - 62,000 km",Suzuki Swift Automatic DLX 2019 In Excellent Geniune Condition 100%,"AIRPORT, KARACHI",19 HOURS AGO
"Rs1,275,000","2013 - 125,000 km",urgent sale smoke green colour swift DX,HAFIZABAD,21 HOURS AGO
"Rs1,735,000","2018 - 58,000 km",Swift DLX 2018,"ZAMAN COLONY, LAHORE",21 HOURS AGO
"Rs1,350,000","2013 - 91,000 km",Suzuki swift DX 2013,FAISALABAD,22 HOURS AGO
"Rs1,790,000","2015 - 46,000 km",Suzuki Swift 2015 DLX Automatic 46000km Extraordinary Maintained Car,"ASKARI IV, KARACHI",22 HOURS AGO
"Rs1,800,000","2015 - 42,000 km",Suzuki Swift 2015 1.3 DLX Automatic NAV 42000km Brand New Untouched,"ASKARI IV, KARACHI",22 HOURS AGO
"Rs1,200,000","2011 - 93,000 km",suzuki swift,"NAZIMABAD, KARACHI",22 HOURS AGO
"Rs895,000","2012 - 91,000 km",2012 suzuki cultus vxr btr alto mehran vitz city corolla swift passo,"GULSHAN-E-IQBAL BLOCK 7, KARACHI",23 HOURS AGO
"Rs290,000",1989 - 1 km,Suzuki khyber swift 89,"NORTH KARACHI, KARACHI",23 HOURS AGO
"Rs1,140,000","2010 - 90,000 km",Suzuki Swift 2010,"BAHRIA TOWN, LAHORE",23 HOURS AGO
"Rs1,580,000","2015 - 76,000 km",Toyota vitz push start better than swift Corolla,"GULBAI, KARACHI",23 HOURS AGO
"Rs1,135,000","2010 - 73,000 km",suzuki swift dlx 2010 mint condition,"ABUL HASSAN ISPHANI ROAD, KARACHI",1 DAY AGO
"Rs1,600,000","2016 - 150,000 km",suzuki swift 2016 model,"ABDULLAH GARDEN, ISLAMABAD",1 DAY AGO
"Rs1,360,000","2012 - 129,000 km",Swift 2012 100%original colour,GUJRAT,1 DAY AGO
"Rs2,000,000","2019 - 36,000 km",suzuki swift white color,SIALKOT,1 DAY AGO
"Rs1,125,000","2011 - 175,000 km","Suzuki swift for sale Ac,engine 100%",SAHIWAL,1 DAY AGO
"Rs1,800,000","2017 - 36,000 km",suzuki swift dlx 1.3,FAISALABAD,1 DAY AGO
"Rs2,100,000","2019 - 44,000 km",suzuki swift 1.3 dlx automatic with navigation,"JOHAR TOWN, LAHORE",1 DAY AGO
"Rs1,690,000","2017 - 55,000 km",swift 2017 sand beige color,"AL AMEEN SOCIETY, LAHORE",1 DAY AGO
"Rs250,000","1991 - 100,000 km",my suzuki swift new 0 condition 1991 model vip & good family car,"LIAQUATABAD, KARACHI",1 DAY AGO
"Rs200,000","1989 - 100,000 km",Suzuki Khyber swift japani,"ANCHOLI, KARACHI",1 DAY AGO
"Rs1,395,000","2014 - 96,400 km",suzuki swift DLX 2014 original condition some scratches,"GULSHAN-E-IQBAL BLOCK 13, KARACHI",1 DAY AGO
"Rs1,500,000","2013 - 11,111 km",swift 2013 model DLX 1.3 islamabad register full genion alloy rims,"7TH AVENUE, ISLAMABAD",1 DAY AGO
"Rs1,500,000","2013 - 1,111 km",suzuki swift Dlx 1.3 full genion islamabad register,PESHAWAR,1 DAY AGO
"Rs1,200,000","2011 - 180,000 km",swift for sale,SIALKOT,1 DAY AGO
"Rs1,480,000","2007 - 120,000 km",Swift swift 1.2 jdm pearl black,"HAIDERY, KARACHI",1 DAY AGO
"Rs1,540,000","2016 - 45,000 km",Suzuki swift 2016 DLX,"NORTH NAZIMABAD, KARACHI",1 DAY AGO
"Rs1,445,000","2013 - 105,000 km",swift good condition 13/14 DLX,FAISALABAD,1 DAY AGO
"Rs1,260,000","2010 - 118,000 km",suzuki swift dlx for sale in lush condition,ABBOTTABAD,1 DAY AGO
"Rs1,715,000","2018 - 42,500 km",Suzuki Swift model 2018 DLX,"DHA PHASE 4, LAHORE",1 DAY AGO
"Rs1,500,000","2012 - 34,200 km",SUZUKI SWIFT LESS DRIVEN,"SHADMAN 1, LAHORE",1 DAY AGO
"Rs1,385,000","2014 - 970,000 km",suzuki swift dlx,FAISALABAD,1 DAY AGO
"Rs1,200,000","2010 - 92,000 km",Suzuki Swift DLX 1.3,BAHAWALPUR,1 DAY AGO
"Rs1,540,000","2014 - 92,000 km",Swift 1.3 DLX Navigation,GUJRANWALA,1 DAY AGO
"Rs245,000",1992 - 10 km,suzuki khyber swift inner geniune,SUKKUR,1 DAY AGO
"Rs1,275,000","2013 - 67,000 km",Suzuki Swift In Awsem Condition,"DHA PHASE 3, LAHORE",1 DAY AGO
"Rs1,150,000","2010 - 57,000 km",Suzuki Swift DLX 2010,"FEDERAL B AREA, KARACHI",1 DAY AGO
"Rs1,350,000","2013 - 63,000 km",Suzuki Alto Japness G Push start better mira/city/corolla/swift/picant,"CIVIL LINES, KARACHI",1 DAY AGO
"Rs395,000","1989 - 89,000 km",Suzuki swift Japan assmble total Geniue,"MUSLIM TOWN, RAWALPINDI",1 DAY AGO
"Rs330,000","1990 - 153,000 km",model 1990/91 suzuki swift num lahore token life time condition ful ok,KOHAT,1 DAY AGO
"Rs1,435,000","2013 - 74,532 km",suzuki swift DLX 2013/2014,"HARBANSPURA, LAHORE",1 DAY AGO
"Rs1,285,000","2013 - 106,500 km",Suzuki swift DX 2013,"NORTH KARACHI, KARACHI",1 DAY AGO
"Rs350,000","1988 - 100,000 km",Suzuki Khyber swift model 88/95 AC chill good condition,KASUR,2 DAYS AGO
"Rs1,400,000","2013 - 104,000 km",Suzuki Swift DX,"MANGA MANDI, LAHORE",2 DAYS AGO
"Rs1,550,000","2016 - 94,000 km",Suzuki swift DL X,"BHATTA CHOWK, LAHORE",2 DAYS AGO
"Rs1,380,000","2011 - 152,500 km",swift for sale,"G-13, ISLAMABAD",2 DAYS AGO
"Rs1,220,000","2012 - 130,000 km",Swift Dlx 2012 Navigation,HYDERABAD,2 DAYS AGO
"Rs1,450,000","2012 - 96,000 km",Swift DLX,"SATELLITE TOWN, RAWALPINDI",2 DAYS AGO
"Rs1,560,000","2016 - 66,000 km",SUZUKI SWIFT MANUAL,"HAMZA RESIDENCY, KARACHI",2 DAYS AGO
"Rs2,000,000","2019 - 24,740 km",Suzuki swift,LARKANA,2 DAYS AGO
"Rs1,430,000","2012 - 180,000 km",Suzuki swift dlx 1.3,"I-10, ISLAMABAD",2 DAYS AGO
"Rs335,000","1989 - 100,000 km",Suzuki Khyber Swift (Japanese Assemble),"G-6, ISLAMABAD",2 DAYS AGO
"Rs2,125,000","2019 - 41,000 km",suzuki swift,JHELUM,2 DAYS AGO
"Rs1,850,000","2018 - 26,000 km",swift dlx 2018,"MUSTAFA TAJ COLONY, KARACHI",2 DAYS AGO
"Rs1,445,000","2015 - 48,000 km",suzuki swift 1.3 dlx 2015,"DHA PHASE 2, KARACHI",2 DAYS AGO
"Rs1,320,000","2012 - 152,000 km",swift,"SHAHDARA, LAHORE",2 DAYS AGO
"Rs1,220,000","2012 - 101,800 km","Suzuki Swift DX 2102, home used car in reasonable price",GUJRAT,2 DAYS AGO
"Rs1,830,000","2019 - 26,000 km",Swift 1.3 DLX Manual with navigation,"ABUL HASSAN ISPHANI ROAD, KARACHI",2 DAYS AGO
"Rs1,660,000","2016 - 110,000 km",Suzuki swift 2016 dlx,"ASKARI IV, KARACHI",2 DAYS AGO
"Rs1,395,000","2012 - 72,000 km",Swift -2012 (Mint Condition),QUETTA,2 DAYS AGO
"Rs2,180,000","2019 - 16,500 km",Suzuki Swift DLX 1.3 Navigation Automatic (2019),"GULRAIZ HOUSING SCHEME, RAWALPINDI",2 DAYS AGO
"Rs260,000","1993 - 200,000 km",Suzuki Khyber Swift 1993,"GARDEN WEST, KARACHI",2 DAYS AGO
"Rs1,585,000","2016 - 94,000 km",Suzuki Swift DLX 100% Genuine,"SAMANABAD, LAHORE",2 DAYS AGO
"Rs1,325,000","2012 - 105,000 km",Suzuki swift dlx family use book file original 3 pc toch baki all 2 ok,"AIBAK ROAD, LAHORE",2 DAYS AGO
"Rs1,135,000","2010 - 186,000 km",suzuki swift dlx,"NEW CANAL PARK, LAHORE",2 DAYS AGO
"Rs1,095,000","2014 - 102,000 km",Suzuki Swift 2014 DLX,"PECHS II, KARACHI",2 DAYS AGO
"Rs200,000","1991 - 100,000 km",suzuki khyber / swift 1991,"MALIR, KARACHI",2 DAYS AGO
"Rs1,330,000",2013 - 17 km,Suzuki swift 2013 dlx,"JAIL ROAD, LAHORE",2 DAYS AGO
"Rs195,000","1989 - 10,000 km",khyber swift,"NORTH KARACHI, KARACHI",2 DAYS AGO
"Rs1,365,000","2013 - 78,000 km",Suzuki swift DLX,"GULISTAN-E-JAUHAR BLOCK 19, KARACHI",2 DAYS AGO
"Rs1,845,000","2017 - 65,000 km",suzuki swift automatic transmission,"DARUSSALAM COOP SOCIETY, KARACHI",2 DAYS AGO
"Rs1,500,000","2012 - 34,200 km",SUZUKI SWIFT LESS DRIVEN,"SHADMAN 1, LAHORE",2 DAYS AGO
"Rs1,775,000","2019 - 20,000 km",swift dlx 2019,FAISALABAD,2 DAYS AGO
"Rs1,675,000","2016 - 69,650 km",Suzuki Swift DLX total original new car,OKARA,2 DAYS AGO
"Rs1,850,000","2019 - 16,000 km",Swifty Swift,"CLIFTON, KARACHI",2 DAYS AGO
"Rs1,530,000","2015 - 71,308 km",Suzuki Swift Dlx 1.3 2015,"FEDERAL B AREA, KARACHI",2 DAYS AGO
"Rs268,000","1996 - 15,000 km",KHYBER SWIFT Japani 1996 Cplc Tex Clear Sirf AC Nahi h Baki 100% ok,"GHAZIABAD, KARACHI",2 DAYS AGO
"Rs470,000",2003 - 1 km,suzuki alto 660cc japani btr thn cultus swift coure chevrolet cherry,"BHATTA CHOWK, LAHORE",2 DAYS AGO
"Rs380,000",1987 - 123 km,Suzuki Swift Japanis model 1990 import,"E-11, ISLAMABAD",2 DAYS AGO
"Rs1,600,000","2016 - 92,000 km",Suzuki swift white,HYDERABAD,2 DAYS AGO
"Rs1,695,000","2016 - 90,000 km",Suzuki Swift 1.3 2016 White color Total Genuine,"CANTT, LAHORE",2 DAYS AGO
"Rs1,550,000","2015 - 96,000 km",Suzuki swift DLX model 2015,"DEFENCE VIEW SOCIETY, KARACHI",2 DAYS AGO
"Rs1,635,000","2015 - 35,000 km",swift dlx,"I-9, ISLAMABAD",2 DAYS AGO
"Rs1,820,000","2018 - 48,500 km",Swift Total Genuine,"TOWNSHIP, LAHORE",2 DAYS AGO
"Rs1,200,000","2011 - 200,000 km",suzuki swift for sale in good condition,"TARAMRRI, ISLAMABAD",2 DAYS AGO
"Rs2,000,000","2015 - 77,500 km",Suzuki Swift 1.3 DLX used by Defence Officer,"G-11, ISLAMABAD",2 DAYS AGO
"Rs2,050,000",2018 - 1 km,Suzuki Swift Automatic 2018,"ISLAMABAD EXPRESSWAY, ISLAMABAD",3 DAYS AGO
"Rs1,490,000","2015 - 92,000 km",suzuki swift DLX total original,"ALLAMA IQBAL TOWN, LAHORE",3 DAYS AGO
"Rs1,345,000","2011 - 115,009 km",Suzuki swift dlx,FAISALABAD,3 DAYS AGO
"Rs320,000","1991 - 200,000 km",khyber 1.0 Swift GA,FAISALABAD,3 DAYS AGO
"Rs1,175,000","2010 - 155,985 km",Suzuki swift,"ASKARI, LAHORE",3 DAYS AGO
"Rs1,275,000","2012 - 105,486 km",suzuki swift full original,"FIRDOS COLONY, KARACHI",3 DAYS AGO
"Rs1,385,000","2014 - 90,000 km",Suzuki Swift 2014 original condition,"FEDERAL B AREA, KARACHI",3 DAYS AGO
"Rs1,490,000","2016 - 71,000 km",suzuki swift 1.3 auto Dlx navigation,PESHAWAR,3 DAYS AGO
"Rs1,825,000","2017 - 64,000 km",Suzuki Swift 1.3 DLX Navigation (Automatic),"SHADMAN TOWN, KARACHI",3 DAYS AGO
"Rs1,610,000","2017 - 125,000 km",swift DLX 1.3,"CANAL BANK HOUSING SCHEME, LAHORE",3 DAYS AGO
"Rs1,650,000","2015 - 63,800 km",Suzuki swift DLX 2015/2014 Automatic,"FEDERAL B AREA, KARACHI",3 DAYS AGO
"Rs1,750,000","2018 - 60,000 km",Suzuki Swift Manual 2018 Model,SIALKOT,3 DAYS AGO
"Rs330,000","1996 - 85,858 km",Air condition khyber swift. Red Nissan sunny car,"NAZIMABAD, KARACHI",3 DAYS AGO
"Rs2,050,000","2018 - 55,000 km",Suzuki Swift 1.3 DLX Automatic 2018 Silver Islamabad Registered,"G-15, ISLAMABAD",3 DAYS AGO
"Rs2,000,000","2021 - 3,000 km",its suzuki swift dlx 1.3 manual transmission,SIALKOT,3 DAYS AGO
"Rs1,270,000","2011 - 124,000 km",suzuki swift dx,FAISALABAD,3 DAYS AGO
"Rs3,150,000","2021 - 56,000 km",Suzuki Swift 1.0 RS Turbo 2018 model,"NOOR JAHAN ROAD, LAHORE",3 DAYS AGO
"Rs1,380,000","2015 - 81,000 km",Swift dx,"PUNJAB COOP HOUSING SOCIETY, LAHORE",3 DAYS AGO
"Rs1,610,000","2016 - 52,000 km",Prestine Automatic Swift Now Cheap,MULTAN,3 DAYS AGO
"Rs390,000","1997 - 94,000 km",Suzuki Khyber (Swift),LAYYAH,3 DAYS AGO
"Rs1,225,000","2011 - 90,000 km",swift DLX 2011 end december car 2012 registered family car,MULTAN,3 DAYS AGO
"Rs1,270,000",2013 - 17 km,suzuki swift dlx 2013,FAISALABAD,3 DAYS AGO
"Rs1,375,000","2011 - 250,000 km",Suzuki Swift,"F-10, ISLAMABAD",3 DAYS AGO
"Rs1,460,000","2013 - 78,000 km",Suzuki swift DLX 2013,"GULISTAN-E-JAUHAR BLOCK 20, KARACHI",3 DAYS AGO
"Rs1,475,000","2015 - 88,000 km",suzuki swift manual 1.3dlx,"GULISTAN-E-JAUHAR BLOCK 1, KARACHI",3 DAYS AGO
"Rs1,295,000","2011 - 109,000 km",Swift 2011 for sale,"G-7, ISLAMABAD",3 DAYS AGO
"Rs1,280,000","2012 - 200,000 km",2012 swift chat ka nechy spry,PESHAWAR,3 DAYS AGO
"Rs1,130,000","2010 - 161,000 km",Suzuki Swift DLX 1.3 modified,"ICHHRA, LAHORE",4 DAYS AGO
"Rs385,000","1999 - 120,000 km",suzuki swift,"SHADMAN TOWN, KARACHI",4 DAYS AGO
"Rs1,350,000","2011 - 106,000 km",Total Genuine Swift for Sale,"CANTT, LAHORE",4 DAYS AGO
"Rs2,300,000","2020 - 6,000 km",suzuki swift 2020,"MANZOOR COLONY, KARACHI",4 DAYS AGO
"Rs265,000","1996 - 14,500 km",Suzuki Khyber Swift japan 1996 AC Nahi h Baki 100% Ok Car,"GHAZIABAD, KARACHI",4 DAYS AGO
"Rs1,475,000","2013 - 147,000 km",Swift automatic 2013,GUJRAT,4 DAYS AGO
"Rs1,320,000","2011 - 248,168 km","Suzuki swift 1.3 DX, 2011 model Registered in 2012, Silver Colour",WAH,4 DAYS AGO
"Rs270,000","1989 - 648,204 km",suzuki khyber swift home use car 4 sell.,ATTOCK,4 DAYS AGO
"Rs1,180,000","2012 - 155,000 km",suzuki swift,MULTAN,4 DAYS AGO
"Rs1,325,000","2012 - 87,000 km","Suzuki Swift DLX 2012 model urgent sell, Total genuine","JOHAR TOWN, LAHORE",4 DAYS AGO
"Rs305,000","1994 - 100,000 km",Khyber swift,"FRERE TOWN, KARACHI",4 DAYS AGO
"Rs1,650,000","2016 - 6,113 km",suzuki swift DLX,"ALLAMA IQBAL TOWN, LAHORE",4 DAYS AGO
"Rs1,200,000","2012 - 104,000 km",Suzuki Swift DX 1.3 (Car Exchange Possible),QUETTA,4 DAYS AGO
"Rs1,580,000","2013 - 90,000 km",Suzuki swift automatic,"GULBERG TOWN, KARACHI",4 DAYS AGO
"Rs1,540,000","2014 - 90,000 km",Suzuki Swift DLX 2014 For sale in Lahore,"CANTT, LAHORE",4 DAYS AGO
"Rs1,220,000","2012 - 100,000 km",swift 2012 DX engine suspension 100% almost genion slightly used,"FEDERAL B AREA, KARACHI",4 DAYS AGO
"Rs1,680,000","2018 - 51,000 km","Suzuki Cultus 2018 btr thn swift, alto, vitz, mira, wagon R, picanto .","UNIVERSITY ROAD, KARACHI",4 DAYS AGO
"Rs1,625,000","2015 - 80,000 km",best swift for swift lovers,ABBOTTABAD,4 DAYS AGO
"Rs1,800,000","2018 - 85,000 km",Suzuki Swift 1.3 DLX Navigation,"JINNAH AVENUE, ISLAMABAD",4 DAYS AGO
"Rs1,350,000","2012 - 85,000 km",Suzuki Swift 1.3 DLX,SIALKOT,4 DAYS AGO
"Rs2,125,000","2019 - 28,500 km",suzuki swift manual transmission,"CANTT, RAWALPINDI",4 DAYS AGO
"Rs1,425,000","2012 - 90,000 km",suzuki swift 2012 model 1.3 dlx,GUJRAT,4 DAYS AGO
"Rs1,850,000","2017 - 52,000 km",Suzuki swift Dlx Navigation,"H-8, ISLAMABAD",4 DAYS AGO
"Rs1,350,000","2012 - 122,000 km",Swift car 2012,"SULTANABAD, KARACHI",4 DAYS AGO
"Rs1,830,000","2012 - 80,000 km",suzuki swift 2012 Japanese,QUETTA,4 DAYS AGO
"Rs1,340,000","2013 - 93,000 km",Suzuki Swift DLX 2013,"QUAID-E-AZAM INDUSTRIAL ESTATE, LAHORE",4 DAYS AGO
"Rs1,190,000","2012 - 200,000 km",Suzuki Swift 1.3 DLX 2012,"G-15, ISLAMABAD",4 DAYS AGO
"Rs250,000","1986 - 125,210 km",SUZUKI SWIFT 87 IMPORT JAPAN BATTER MEHRAN KHYBER CHARADE CLUB CULTUS,"FEDERAL B AREA, KARACHI",4 DAYS AGO
"Rs1,420,000","2012 - 130,000 km",Swift 2012 DLX,GUJRAT,4 DAYS AGO
"Rs1,710,000","2017 - 82,000 km",Suzuki Swift 1.3 DLX Manual,"DHA PHASE 4, LAHORE",5 DAYS AGO
"Rs1,520,000","2007 - 92,250 km",suzuki swift,"DHOK MANGTAL, RAWALPINDI",5 DAYS AGO
"Rs460,000","1997 - 200,000 km",Suzuki swift 1997. . good condition,ATTOCK,5 DAYS AGO
"Rs1,465,000","2013 - 79,000 km",Suzuki Swift 2013 DLX 2nd Owner 79000 km Driven Brand New Condition,"GULISTAN-E-JAUHAR BLOCK 19, KARACHI",5 DAYS AGO
"Rs2,050,000","2018 - 58,000 km",Suzuki Swift Automatic Navigation Model 2018 -2019,"MOINABAD, KARACHI",5 DAYS AGO
"Rs1,240,000","2011 - 76,000 km",Suzuki Swift DLX 2011 Mint Condition btr dn vitz platz cultus city xli,"DEFENCE VIEW SOCIETY, KARACHI",5 DAYS AGO
"Rs105,000","1993 - 12,345 km",Suzuki khyber swift model,"LANDHI 1, KARACHI",5 DAYS AGO
"Rs1,400,000","2012 - 71,000 km",Swift car Dlx 1300 for sale,"ALLAMA IQBAL TOWN, LAHORE",5 DAYS AGO
"Rs1,375,000","2012 - 61,000 km",Suzuki Swift DLX total geniune,"WAPDA TOWN, LAHORE",5 DAYS AGO
"Rs1,210,000","2012 - 182,000 km",Suzuki swift dualax 1.3,SIALKOT,5 DAYS AGO
"Rs1,160,000","2012 - 100,326 km",Swift 2012 Urjant sell Good condition chilled Ac all documents clear,"LIAQUATABAD, KARACHI",5 DAYS AGO
"Rs1,250,000","2010 - 129,000 km",SUZUKI SWIFT 1.3 DLX,"DHA PHASE 4, KARACHI",5 DAYS AGO
"Rs1,370,000","2010 - 240,000 km",Suzuki swift 2010 manual islamabad registration,"I-10, ISLAMABAD",5 DAYS AGO
"Rs380,000","1988 - 70,000 km",Khyber swift life time,KOHAT,5 DAYS AGO
"Rs1,625,000","2016 - 51,500 km",Suzuki Swift Automatic Dlx,MULTAN,5 DAYS AGO
"Rs1,950,000","2018 - 75,000 km",suzuki swift b2b,ABBOTTABAD,5 DAYS AGO
"Rs2,400,000","2021 - 3,400 km",Suzuki Swift brand new registered automatic dsl navigation,"DOCTORS HOUSING SOCIETY, LAHORE",5 DAYS AGO
"Rs200,000","1990 - 225,252 km",Khyber 1990 Swift,"GULSHAN-E-IQBAL BLOCK 1, KARACHI",5 DAYS AGO
"Rs1,625,000","2016 - 51,500 km",suzuki swift automatic dlx,MULTAN,5 DAYS AGO
"Rs1,730,000","2017 - 66,000 km",Suzuki Swift 1.3 DLX,"FAISAL TOWN, LAHORE",5 DAYS AGO
"Rs350,000","1988 - 120,000 km",Suzuki Khyber Swift model AC chill 88/95,"CHUNGI AMAR SADHU, LAHORE",5 DAYS AGO
"Rs2,190,000","2020 - 7,000 km",suzuki swift 1.3 Automatic,MIRPUR,5 DAYS AGO
"Rs1,650,000","2016 - 90,000 km",Suzuki Swift DLX Manual,"GULSHAN-E-IQBAL BLOCK 8, KARACHI",5 DAYS AGO
"Rs1,785,000","2018 - 88,000 km","auzuki swift,2018 model ,2 piece touch,over all saaf condition",GUJRAT,5 DAYS AGO
"Rs1,785,000","2017 - 66,600 km",Suzuki Swift,"FAISAL TOWN, LAHORE",5 DAYS AGO
"Rs2,050,000","2019 - 6,000 km",Suzuki Swift 2019 DLX wiTh navigation,MULTAN,5 DAYS AGO
"Rs1,680,000","2016 - 11,850 km",SUZUKI SWIFT 1.3DLX MANUAL (SAND BEIGE),"MALIR, KARACHI",5 DAYS AGO
"Rs1,100,000","2011 - 200,000 km",suzuki swift 2011 model gray colour with handsome price,GUJRANWALA,5 DAYS AGO
"Rs1,299,999","2013 - 167,000 km",Suzuki Swift 2013 Dlx Manual,"GULZAR-E-HIJRI, KARACHI",5 DAYS AGO
"Rs2,075,000","2018 - 34,500 km",2018 /White Suzuki Swift Auto 2018 -35000 KM - DLX with Navigation -,"GULSHAN-E-IQBAL BLOCK 13, KARACHI",5 DAYS AGO
"Rs1,400,000","2013 - 106,000 km",Suzuki Swift Model 2012 registered 2013,"SCHEME 33, KARACHI",5 DAYS AGO
"Rs1,865,000","2018 - 18,000 km",Suzuki Swift Dlx 1.3 2018 Model Navigation first Hand,"GULSHAN-E-IQBAL BLOCK 9, KARACHI",5 DAYS AGO
"Rs1,915,000","2017 - 73,300 km",Suzki Swift - Automatic -2017 - 2018 (Mint - Condition) - Buy & Drive,"GULZAR-E-HIJRI, KARACHI",5 DAYS AGO
"Rs1,350,000","2014 - 55,000 km",Suzuki Swift 1.3 DLX 2014 ABS brKe FF AC Fully loaded lady driven DHA,"DHA PHASE 2, KARACHI",5 DAYS AGO
"Rs1,550,000","2013 - 152,000 km",Swift DLX 1.3cc | EXCHANGE POSSIBLE,"G-9, ISLAMABAD",5 DAYS AGO
"Rs1,350,000","2013 - 137,000 km",Suzuki Swift DLX 2013 smoke gray colour,KHANEWAL,5 DAYS AGO
"Rs1,425,000","2014 - 65,000 km",Suzuki Swift DLX 1.3 Manuval,RAHIMYAR KHAN,5 DAYS AGO
"Rs1,375,000","2014 - 90,000 km",Suzuki Swift DLX,"GHAZI ROAD, LAHORE",5 DAYS AGO
"Rs1,750,000","2021 - 117,000 km",suzuki swift japan,"ABBOT ROAD, LAHORE",5 DAYS AGO
"Rs1,250,000","2011 - 166,000 km",Suzuki swift in a perfect position,"BAHRIA TOWN RAWALPINDI, RAWALPINDI",5 DAYS AGO
"Rs1,350,000","2010 - 200,000 km",swift dlx 2010,"ISLAMABAD HIGHWAY, ISLAMABAD",5 DAYS AGO
"Rs1,745,000","2018 - 21,000 km",Suzuki Swift 1.3 DLX NAVIGATION,"SUPARCO ROAD, KARACHI",6 DAYS AGO
"Rs1,625,000","2016 - 70,000 km",Suzuki Swift DLX 1.3 Manual,"DHA PHASE 1, LAHORE",6 DAYS AGO
"Rs1,605,000","2017 - 65,000 km",suzuki swift Dls 1.3,"HAZARA COLONY, KARACHI",6 DAYS AGO
"Rs1,380,000","2011 - 91,000 km",suzuki swift 2011,"CANAL COLONY, LAHORE",6 DAYS AGO
"Rs1,850,000","2018 - 48,500 km",Swift Dlx Navigation,"JOHAR TOWN, LAHORE",6 DAYS AGO
"Rs1,500,000","2015 - 81,214 km",Suzuki Swift Dlx 1.3 model 2015,"SAMARZAR HOUSING SOCIETY, RAWALPINDI",6 DAYS AGO
"Rs1,350,000","2011 - 170,000 km",suzuki swift,"SAIDPUR ROAD, RAWALPINDI",6 DAYS AGO
"Rs1,180,000","2011 - 100,000 km",Swift mo 2011 silver in colou side touching enternally genuine,MARDAN,6 DAYS AGO
"Rs1,150,000","2011 - 218,000 km",Suzuki Swift DX 1.3,PESHAWAR,6 DAYS AGO
"Rs350,000","1989 - 94,000 km",Suzuki Swift/khyber In very good condition,SARGODHA,6 DAYS AGO
"Rs1,200,000","2012 - 70,000 km",swift car for sale,MULTAN,6 DAYS AGO
"Rs1,020,000","2012 - 70,000 km",Swift 2012,"SHARIFABAD, KARACHI",6 DAYS AGO
"Rs1,480,000","2014 - 162,000 km",Suzuki Swift 2014,"BHATTA CHOWK, LAHORE",6 DAYS AGO
"Rs1,970,000","2019 - 22,243 km",swift 2019,"SATELLITE TOWN, RAWALPINDI",6 DAYS AGO
"Rs1,365,000","2012 - 132,000 km",suzuki swift 2012 DLX mint condition forsale,GUJRANWALA,6 DAYS AGO
"Rs1,300,000","2012 - 240,000 km",Suzuki Swift 1.3 DLX Islamabad Registered 2012 model,"BAHRIA TOWN, ISLAMABAD",6 DAYS AGO
"Rs2,099,000","2020 - 10,139 km",Suzuki Swift 1.3 DLX Navigation,OKARA,6 DAYS AGO
"Rs1,320,000","2012 - 162,000 km",suzuki swift 2012,MANDI BAHAUDDIN,6 DAYS AGO
"Rs240,000","1992 - 121,212 km",Suzuki swift,"AIRPORT, KARACHI",6 DAYS AGO
"Rs450,000","1999 - 123,456 km",Khyber zuzuki swift,"GULSHAN ABAD, RAWALPINDI",6 DAYS AGO
"Rs1,390,000","2012 - 72,000 km",Suzuki Swift - 2012 (Mint Condition),QUETTA,6 DAYS AGO
"Rs1,280,000","2010 - 125,000 km",Suzuki Swift 2010 DLX,"DHA PHASE 1, LAHORE",6 DAYS AGO
"Rs1,550,000","2016 - 65,000 km",suzuki swift for sale,FAISALABAD,6 DAYS AGO
"Rs2,091,000","2019 - 44,000 km",Swift 2019,"BAHRIA TOWN RAWALPINDI, RAWALPINDI",6 DAYS AGO
"Rs1,200,000","2011 - 142,334 km",Suzuki swift 2011model,FAISALABAD,6 DAYS AGO
"Rs1,625,000","2013 - 57,000 km",suzuki Swift automatic 2013 in excellent condition,"NORTH NAZIMABAD, KARACHI",6 DAYS AGO
"Rs1,350,000","2013 - 80,000 km",Suzuki Swift DLX 2013,HYDERABAD,6 DAYS AGO
"Rs2,150,000","2019 - 22,000 km",suzuki swift DLX 1.3 for sale,"G-11, ISLAMABAD",6 DAYS AGO
"Rs355,000","1989 - 100,000 km",Suzuki khyber swift 1989,"GREEN TOWN, LAHORE",6 DAYS AGO
"Rs2,250,000","2013 - 99,000 km",Suzuki swift 2021 Reg 2013,PESHAWAR,6 DAYS AGO
"Rs275,000","1990 - 100,000 km",Suzuki Khyber Swift 1990,"PECHS II, KARACHI",6 DAYS AGO
"Rs1,460,000","2014 - 47,000 km",Suzuki swift dlx 2014 manual,"BUFFER ZONE 1, KARACHI",6 DAYS AGO
"Rs1,200,000","2009 - 1,234 km",Suzuki swift model 2009 available on easy installment,PESHAWAR,6 DAYS AGO
"Rs270,000","1988 - 246,691 km",khyber swift,"JAMSHED QUARTERS, KARACHI",6 DAYS AGO
"Rs240,000","1991 - 246,875 km",Suzuki swift Mechanically excellent condition,NOWSHERA,6 DAYS AGO
"Rs1,225,000","2012 - 143,000 km",Suzuki Swift Model 2012 Manual Transission 1.3 DX Urgent Sell,"MALIR HALT, KARACHI",6 DAYS AGO
"Rs1,440,000","2013 - 133,000 km",Suzuki Swift 1.3 DLX,MIANWALI,6 DAYS AGO
"Rs1,300,000","2013 - 100,000 km",Super swift 2013,"GULZAR-E-HIJRI, KARACHI",6 DAYS AGO
"Rs1,390,000","2014 - 129,000 km",Suzuki swift 14 modal good condition,PAKPATTAN,1 WEEK AGO
"Rs395,000","1997 - 14,258 km",argently sell my Swift khyber car,PESHAWAR,1 WEEK AGO
"Rs1,275,000","2012 - 36,400 km",Swift DLX with ABS break,GUJRANWALA,1 WEEK AGO
"Rs1,385,000","2013 - 62,000 km",Swift DLX 1.3,SIALKOT,1 WEEK AGO
"Rs2,000,000","2019 - 38,100 km",Suzuki swift 2019 DLX with Navigation,"G-14, ISLAMABAD",1 WEEK AGO
"Rs1,685,000","2016 - 235,000 km",Suzuki Swift Urgent Sale,"SHAHDARA, LAHORE",1 WEEK AGO
"Rs1,850,000","2019 - 45,000 km",suzuki swift,"BAHRIA TOWN KARACHI, KARACHI",1 WEEK AGO
"Rs1,340,000","2013 - 200,000 km",suzuki swift Dlx manual,ABBOTTABAD,1 WEEK AGO
"Rs1,950,000","2018 - 27,000 km",Suzuki Swift,"E-11, ISLAMABAD",1 WEEK AGO
"Rs1,630,000","2014 - 60,000 km",Suzuki Swift (Manual)2014 Model total genuine serious buyers contact,"I-10, ISLAMABAD",1 WEEK AGO
"Rs435,000","1991 - 12,345 km",Suzuki Swift 1991 Japan Assembled,"G-7, ISLAMABAD",1 WEEK AGO
"Rs1,680,000","2014 - 37,000 km",suzuki swift DLX 1300 CC,PESHAWAR,1 WEEK AGO
"Rs1,490,000","2013 - 104,000 km",Suzuki Swift,GUJRANWALA,1 WEEK AGO
"Rs1,490,000","2013 - 104,000 km",Suzuki Swift,GUJRANWALA,1 WEEK AGO
"Rs1,485,000","2014 - 68,000 km",Suzuki swift 2014 bumper to bumper genuine 1.3 dlx,"BAHRIA TOWN KARACHI, KARACHI",1 WEEK AGO
"Rs2,100,000","2019 - 21,000 km",SUZUKI SWIFT CAR GOOD CONDITION AVAILABLE FOR SALE,"RAIWIND ROAD, LAHORE",1 WEEK AGO
"Rs1,225,000","2010 - 77,000 km",suzuki swift Dlx Abs break,"MEDICAL HOUSING SCHEME, LAHORE",1 WEEK AGO
"Rs1,380,000","2012 - 90,000 km",suzuki swift DLX model 2012,"SATELLITE TOWN, RAWALPINDI",1 WEEK AGO
"Rs2,500,000","2021 - 2,000 km",Suzuki Swift Navigation Automatic 1.3 2021,"GHAURI TOWN, RAWALPINDI",1 WEEK AGO
"Rs330,000","1996 - 89,898 km",Air condition khyber Swift. Nissan sunny car,"NAZIMABAD, KARACHI",1 WEEK AGO
"Rs1,830,000","2017 - 86,000 km",Suzuki Swift 2017 Automatic,"FEDERAL B AREA, KARACHI",1 WEEK AGO
"Rs1,750,000","2018 - 60,000 km",SUZUKI SWIFT,"NORTH NAZIMABAD, KARACHI",1 WEEK AGO
"Rs240,000","1990 - 200,000 km",suzuki swift 1990,HYDERABAD,1 WEEK AGO
"Rs1,995,000","2018 - 26,000 km",Suzuki swift automatic navigation North nazimabad Karachi,"FAROOQ-E-AZAM, KARACHI",1 WEEK AGO
"Rs1,325,000","2013 - 109,300 km",Swift,"KASHMIR ROAD, KARACHI",1 WEEK AGO
"Rs1,350,000","2004 - 160,000 km",honda city 2004 urgent sale and exchange with swift and carolla saloon,HARIPUR,1 WEEK AGO
"Rs1,700,000","2016 - 80,000 km",Suzuki Swift 16 Model Manual 1.3,"ALLAMA IQBAL TOWN, LAHORE",1 WEEK AGO
"Rs1,590,000","2016 - 62,000 km",Swift dlx 1.3,"BUFFER ZONE 2, KARACHI",1 WEEK AGO
"Rs1,750,000","2018 - 59,000 km",Suzuki Swift 1.3 DLX Navigation,SIALKOT,1 WEEK AGO
"Rs1,850,000","2018 - 67,000 km",suzuki swift,FAISALABAD,1 WEEK AGO
"Rs1,450,000","2012 - 125,000 km",suzuki swift DLX 1.3,DERA GHAZI KHAN,1 WEEK AGO
"Rs350,000","1989 - 55,346 km",Swift total jenin 1989 model,"DHOKE HASSU, RAWALPINDI",1 WEEK AGO
"Rs1,380,000","2014 - 190,000 km",Suzuki Swift 1.3 Manual Transmission DX,"BAHRIA TOWN, LAHORE",1 WEEK AGO
"Rs1,350,000","2012 - 87,000 km",Suzuki Swift DLX 1.3 2012,"DHA PHASE 7, KARACHI",1 WEEK AGO
"Rs1,870,000","2017 - 28,700 km",Suzuki Swift 2017 Automatic,"BAHRIA TOWN, ISLAMABAD",1 WEEK AGO
"Rs1,250,000","2010 - 200,000 km",Swift DLx 1.3,PESHAWAR,1 WEEK AGO
"Rs1,395,000","2012 - 100,000 km",Suzuki Swift DLX 2012,MANDI BAHAUDDIN,1 WEEK AGO
"Rs1,335,000","2012 - 162,700 km",swift for sale in mint condition,"BAHRIA TOWN, LAHORE",1 WEEK AGO
"Rs300,000",1988 - 1 km,Suzuki khyber swift 1989,"NORTH KARACHI, KARACHI",1 WEEK AGO
"Rs1,410,000","2014 - 80,000 km",Swift 2014 for Sale,"NORTH NAZIMABAD, KARACHI",1 WEEK AGO
"Rs1,880,000","2017 - 43,000 km",swift automatic dlx,"ABUL HASSAN ISPHANI ROAD, KARACHI",1 WEEK AGO
"Rs1,750,000","2018 - 43,000 km",SUZUKI SWIFT 1.3 DLX NAVIGATION,"MEHMOODABAD, KARACHI",1 WEEK AGO
"Rs1,570,000","2012 - 120,000 km",Suzuki Swift DLX 2012,"I-10, ISLAMABAD",1 WEEK AGO
"Rs1,900,000","2018 - 33,800 km",Suzuki swift 2018 33800km,"SAADI TOWN, KARACHI",1 WEEK AGO
"Rs1,580,000","2016 - 60,000 km",Swift dlx 2016,"YASEENABAD, KARACHI",1 WEEK AGO
"Rs1,600,000","2015 - 80,000 km",Suzuki Swift DLX 1.3,"DHA PHASE 8, KARACHI",1 WEEK AGO
"Rs1,670,000","2017 - 60,000 km",Suzuki Swift DLX 1.3,"BAHADURABAD, KARACHI",1 WEEK AGO
"Rs1,800,000","2015 - 54,000 km",Suzuki Swift 1.3 Dlx automatic,"G-8, ISLAMABAD",1 WEEK AGO
"Rs1,315,000","2013 - 108,000 km",suzuki swift DLX,"BUFFER ZONE 1, KARACHI",1 WEEK AGO
"Rs1,825,000","2017 - 65,000 km",swift Dlx 1.3,"F-11, ISLAMABAD",1 WEEK AGO
"Rs1,550,000","2014 - 87,000 km",Swift DLX White Full Modified,SIALKOT,1 WEEK AGO
"Rs1,695,000","2017 - 75,000 km",suzuki swift DLX,"GULISTAN-E-JAUHAR BLOCK 3, KARACHI",1 WEEK AGO
"Rs1,200,000","2012 - 100,000 km",Swift car 2012 model,"NAZIMABAD, KARACHI",1 WEEK AGO
"Rs1,250,000","2013 - 232,909 km",Suzuki swift 2013 Lush Condition,SAMUNDRI,1 WEEK AGO
"Rs1,650,000","2017 - 70,000 km",Swift 2017 Brand New Condition,"NASIRABAD, KARACHI",1 WEEK AGO
"Rs1,465,000","2013 - 151,900 km",Suzuki Swift Automatic DLX 1300cc,"G-9, ISLAMABAD",1 WEEK AGO
"Rs1,120,000","2010 - 90,000 km",Suzuki swift dxl 1.3,"BHUTTA VILLAGE, KARACHI",1 WEEK AGO
"Rs1,200,000","2011 - 140,000 km",Swift,SWABI,1 WEEK AGO
"Rs1,500,000","2014 - 1,000 km",suzuki (swift),"SHAH FAISAL TOWN, KARACHI",1 WEEK AGO
"Rs1,295,000","2012 - 93,000 km",Szuki swift,GUJRANWALA,1 WEEK AGO
"Rs1,600,000","2009 - 67,000 km",Suzuki Swift Japanese 2009/2014 just like zero,LARKANA,1 WEEK AGO
"Rs1,485,000","2014 - 93,000 km",Automatic Swift 1.3 DLX,PESHAWAR,1 WEEK AGO
"Rs2,210,000",2021 - 14 km,suzuki swift dlx automatic navigation 1.3,"BLUE AREA, ISLAMABAD",1 WEEK AGO
"Rs1,450,000",2012 - 160 km,Swift DLX,"BLUE AREA, ISLAMABAD",1 WEEK AGO
"Rs1,400,000","2013 - 96,000 km",Suzuki Swift 2013 DLX,"BMCHS, KARACHI",1 WEEK AGO
"Rs1,215,000","2010 - 86,000 km",Suzuki Swift 2010 DLX Manual,"DEFENCE VIEW SOCIETY, KARACHI",1 WEEK AGO
"Rs1,475,000","2014 - 120,000 km",suzuki swift Dlx,"WAPDA TOWN, LAHORE",1 WEEK AGO
"Rs390,000","1997 - 94,000 km",Khyber (Swift),LAYYAH,1 WEEK AGO
"Rs1,425,000","2014 - 87,000 km",SUZUKI SWIFT DLX,MULTAN,1 WEEK AGO
"Rs1,640,000","2014 - 83,000 km",Suzuki Swift Automatic,KHANEWAL,1 WEEK AGO
"Rs1,220,000","2012 - 100,180 km","Suzuki Swift Dx manual,2012 for Sale",GUJRAT,1 WEEK AGO
"Rs2,125,000","2016 - 64,000 km",city 2016 manual b2b genuine better than corolla civic caltus swift,"NORTH NAZIMABAD, KARACHI",1 WEEK AGO
"Rs1,700,000","2015 - 46,000 km",swift dlx,MULTAN,1 WEEK AGO
"Rs1,275,000","2013 - 100,800 km",Suzuki Swift,"GULSHAN-E-IQBAL BLOCK 4, KARACHI",1 WEEK AGO
"Rs1,750,000","2017 - 49,000 km",Suzuki Swift DLX with navigation 2017,"RIVER VIEW COOP HOUSING SOCIETY, LAHORE",1 WEEK AGO
"Rs1,390,000","2014 - 84,000 km",Suzuki swift Dlx,SWABI,1 WEEK AGO
"Rs1,350,000","2013 - 96,000 km",suzuki swift 13 model 16 register,"TARNOL, ISLAMABAD",1 WEEK AGO
"Rs1,580,000","2013 - 65,000 km",SUZUKI SWIFT DLX AUTOMATIC,"I-10, ISLAMABAD",1 WEEK AGO
"Rs1,575,000","2012 - 125,000 km",Swift Dlx 2012 ( Total genuine ),"I-9, ISLAMABAD",1 WEEK AGO
"Rs1,615,000","2017 - 60,000 km",Suzuki swift 2017 navigation 1st owner,"BAHADURABAD, KARACHI",1 WEEK AGO
"Rs1,675,000","2016 - 187,976 km",Suzuki swift 2016 model 1.3 dlx for sale,"GULBERG, ISLAMABAD",1 WEEK AGO
"Rs180,000","1991 - 100,000 km",Suzuki Khyber (Swift),"KORANGI INDUSTRIAL AREA, KARACHI",1 WEEK AGO
"Rs1,325,000","2013 - 88,000 km",Suzuki Swift Dlx,GUJRANWALA,1 WEEK AGO
"Rs1,300,000","2011 - 130,000 km",2011 swift full genuine,"G-11, ISLAMABAD",1 WEEK AGO
"Rs645,000","2010 - 85,000 km",Suzuki Alto VXR 2010 btr cultus khyber coure mehran swift charade,"MASKAN CHOWRANGI, KARACHI",1 WEEK AGO
"Rs330,000","1996 - 98,989 km",Air condition khyber Swift. Red Nissan sunny car,"NAZIMABAD, KARACHI",1 WEEK AGO
"Rs1,650,000","2014 - 225,000 km",Suzuki swift 2014 DXL,"TOWNSHIP, LAHORE",1 WEEK AGO
"Rs1,475,000","2013 - 74,500 km",Suzuki Swift 2013 1.3 DLX Navigation,"PAHAR GANJ, KARACHI",1 WEEK AGO
"Rs2,875,000","2018 - 27,000 km",suzuki swift turbo Rs 2018 1.0 Uk model hyrbid,"BAHRIA TOWN, ISLAMABAD",1 WEEK AGO
"Rs1,310,000","2012 - 84,000 km",suzuki swift 1.3 dx,FAISALABAD,1 WEEK AGO
"Rs1,020,000","2012 - 55,000 km",swift,"FEDERAL B AREA, KARACHI",1 WEEK AGO
"Rs1,560,000","2016 - 68,000 km",Suzuki Swift DLX 2016 Manual 1.3 Petrol (68000 kms).,"DHA PHASE 1, KARACHI",1 WEEK AGO
"Rs1,730,000","2018 - 36,000 km",suzuki swift DLX,"WAPDA TOWN, LAHORE",1 WEEK AGO
"Rs205,000","1989 - 1,000 km",khyber swift 1989 model bhtreen condition,"MALIR HALT, KARACHI",1 WEEK AGO
"Rs1,700,000","2016 - 70,000 km",suzuki swift automatic full genioun car arjant sell need money,"MEHMOODABAD, KARACHI",1 WEEK AGO
"Rs2,050,000","2019 - 77,000 km",Suzuki Swift 1.3DLX,"ZAFAR UL HAQ ROAD, RAWALPINDI",1 WEEK AGO
"Rs1,485,000","2014 - 59,800 km",Suzuki swift dlx 1.3 model 2014,"NORTH KARACHI, KARACHI",1 WEEK AGO
"Rs2,000,000","2018 - 40,000 km",swift,"DHA CITY, LAHORE",1 WEEK AGO
"Rs1,750,000","2015 - 67,000 km",suzuki swift.,"BABU SABU, LAHORE",1 WEEK AGO
"Rs165,000","1993 - 100,000 km",SUZUKI CULTUS SWIFT 1986 REG -/1993,"ABUL HASSAN ISPHANI ROAD, KARACHI",1 WEEK AGO
"Rs250,000","1987 - 125,210 km",suzuki swift 87 import japan batter mehran khyber charade club cultus,"SAKHI HASAN, KARACHI",1 WEEK AGO
"Rs1,950,000","2018 - 85,000 km",Suzuki Swift Automatic,HYDERABAD,1 WEEK AGO
"Rs1,565,000","2016 - 45,000 km",Suzuki Swift 2016 DLX,"ANDA MOR ROAD, KARACHI",1 WEEK AGO
"Rs1,445,000","2015 - 48,000 km",suzuki swift 2015 Dlx grey,"DHA PHASE 1, KARACHI",1 WEEK AGO
"Rs1,230,000","2012 - 100,000 km",swift 2012 DX . almsot genion . slightly used car,"FEDERAL B AREA, KARACHI",1 WEEK AGO
"Rs1,550,000","2014 - 50,500 km",suzuki swift is in excellent condition,"CANTT, LAHORE",1 WEEK AGO
"Rs1,290,000","2013 - 67,000 km",i am selling my swift in good condition,"DHA PHASE 3, LAHORE",1 WEEK AGO
"Rs1,880,000","2019 - 43,000 km",swift DLX 2019,SUKKUR,1 WEEK AGO
"Rs280,000","1995 - 50,000 km",Khyber Swift (Reconditioned),"CLIFTON, KARACHI",1 WEEK AGO
"Rs1,295,000","2012 - 94,000 km",swift dlx 2012 in good condition,"SABZAZAR, LAHORE",1 WEEK AGO
"Rs1,250,000","2011 - 63,000 km",SUZUKI SWIFT 2011,"GULISTAN-E-JAUHAR BLOCK 15, KARACHI",1 WEEK AGO
"Rs1,570,000","2016 - 45,000 km",Swift 2016. . .,HYDERABAD,1 WEEK AGO
"Rs330,000","1996 - 85,858 km",Air condition khyber swift. Nissan sunny car,"NAZIMABAD, KARACHI",1 WEEK AGO
"Rs1,350,000","2013 - 72,000 km",Subaru Stella same as daihatsu move cast mira dayz suzuki swift cultus,"HILL PARK, KARACHI",1 WEEK AGO
"Rs1,875,000","2017 - 42,000 km",suzuki swift DLX 1.3 automatic navigation,FAISALABAD,1 WEEK AGO
"Rs1,425,000","2014 - 55,000 km",Suzuki Swift 1.3 Mint Condition,"NAZIMABAD, KARACHI",1 WEEK AGO
"Rs225,000","1989 - 99,999 km",swift,TOBA TEK SINGH,1 WEEK AGO
"Rs1,450,000","2014 - 58,000 km",Suzuki swift DLX 2014 amzing condition,"MALIR, KARACHI",1 WEEK AGO
"Rs1,150,000","2013 - 185,000 km",DXl suzuki swift manual,"KORANGI INDUSTRIAL AREA, KARACHI",1 WEEK AGO
"Rs180,000",1988 - 10 km,Suzuki swift 1988,"NEW KARACHI, KARACHI",1 WEEK AGO
"Rs1,380,000","2012 - 120,000 km",Suzuki swift,"BAHRIA TOWN, ISLAMABAD",1 WEEK AGO
"Rs1,720,000","2018 - 92,000 km",swift dlx ist hand ist owner urgent sale,"KHAYABAN-E-AMIN, LAHORE",1 WEEK AGO
"Rs1,300,000","2010 - 119,146 km",Silver Swift Good Condition for Sale,"BAHRIA ENCLAVE, ISLAMABAD",1 WEEK AGO
"Rs1,570,000","2016 - 82,000 km",Suzuki Swift 2016 DLX 1.3 Manual.,"GARDEN WEST, KARACHI",1 WEEK AGO
"Rs500,000","1988 - 50,000 km",1988 model khyber swift for sale,"CHAKRI ROAD, RAWALPINDI",1 WEEK AGO
"Rs1,975,000","2018 - 36,000 km",suzuki swift 2018 automatic navigation in very mint condition 36000km,"M.A. JINNAH ROAD, KARACHI",1 WEEK AGO
"Rs1,475,000","2013 - 70,000 km",Suzuki Swift DLX 1.3 2013,"DHA PHASE 6, KARACHI",1 WEEK AGO
"Rs1,600,000","2014 - 61,000 km",Suzuki swift automatic model 2014,"NORTH NAZIMABAD, KARACHI",1 WEEK AGO
"Rs1,150,000","2010 - 140,000 km",suzuki swift for sale,"CAPTAIN JAMAL ROAD, LAHORE",1 WEEK AGO
"Rs1,250,000","2010 - 135,000 km",suzuki swift 2010,MANDI BAHAUDDIN,1 WEEK AGO
"Rs1,235,000","2011 - 102,000 km",Suzuki Swift DLX 1.3 (manual),"BAHADURABAD, KARACHI",1 WEEK AGO
"Rs1,600,000","2016 - 80,000 km",swift Dlx 2016 Total jenion,"MEHMOOD BOOTI, LAHORE",1 WEEK AGO
"Rs1,675,000","2017 - 50,000 km",Swift 1.3 dlx with navigation,"SADDAR, KARACHI",1 WEEK AGO
"Rs1,925,000","2019 - 42,000 km",Suzuki swift 1.3 DLX manual,"KHALID BIN WALID ROAD, KARACHI",2 WEEKS AGO
"Rs1,190,000","2010 - 97,500 km",Suzuki swift original condition 97k mileage,"NORTH KARACHI, KARACHI",2 WEEKS AGO
"Rs1,755,000","2017 - 64,576 km",Swift DLX,"F-15, ISLAMABAD",2 WEEKS AGO
"Rs1,550,000","2016 - 100,000 km",Suzuki swift 2016,"FEDERAL B AREA, KARACHI",2 WEEKS AGO
"Rs165,000","1990 - 10,500 km",Suzuki Swift,"BUFFER ZONE 2, KARACHI",2 WEEKS AGO
"Rs1,890,000","2017 - 32,000 km",Suzuki Swift In Best Condition. Dont miss and price negotiable,QUETTA,2 WEEKS AGO
"Rs1,650,000",2014 - 100 km,Swift aito,"SHALAMAR TOWN, LAHORE",2 WEEKS AGO
"Rs1,360,000","2012 - 130,000 km",Swift2012Total genuine,GUJRAT,2 WEEKS AGO
"Rs1,325,000",2013 - 16 km,Suzuki swift DLX 2013 Gray color,FAISALABAD,2 WEEKS AGO
"Rs170,000","1986 - 100,000 km",suzuki japanese swift cultus,"ABUL HASSAN ISPHANI ROAD, KARACHI",2 WEEKS AGO
"Rs1,650,000","2014 - 110,000 km",Suzuki Swift DLX 1.3,"SHAHRA-E-FAISAL, KARACHI",2 WEEKS AGO
"Rs365,000","1990 - 123,456 km",Mitsubishi lancer better than swift margalla cultus city,"PARK VIEW VILLAS, LAHORE",2 WEEKS AGO
"Rs1,730,000","2015 - 86,000 km",Suzuki Swift 1.3 DLX 2015/16 Gold,"KHALID BIN WALID ROAD, KARACHI",2 WEEKS AGO
"Rs1,645,000","2016 - 84,000 km",Swift,"GHAZI ROAD, LAHORE",2 WEEKS AGO
"Rs1,450,000","2012 - 15,200 km",Swift Suzuki,ATTOCK,2 WEEKS AGO
"Rs2,175,000","2021 - 17,000 km",Suzuki swift 1.3 dlx navigation,"7TH AVENUE, ISLAMABAD",2 WEEKS AGO
"Rs1,365,000","2013 - 78,000 km",SWIFT (2013)1.3 DLX,"LANDHI 1, KARACHI",2 WEEKS AGO
"Rs385,000","1989 - 145,000 km",Khyber Swift Model for sale,"SOAN GARDEN, ISLAMABAD",2 WEEKS AGO
"Rs1,150,000","2012 - 125,000 km",suzuki swift 2012 1.3 DLX Manual,"YASEENABAD, KARACHI",2 WEEKS AGO
"Rs320,000","1986 - 123,456 km",suzuki swift for sale,"G-12, ISLAMABAD",2 WEEKS AGO
"Rs250,000","1986 - 10,000 km",suzuki swift 1.3,"KAHUTA ROAD, ISLAMABAD",2 WEEKS AGO
"Rs1,400,000","2012 - 115,000 km",suzuki Swift 2012,ABBOTTABAD,2 WEEKS AGO
"Rs1,520,000","2013 - 103,465 km",SUZUKI SWIFT 1.3 DLX AUTOMETIC 2013/14,"NORTH KARACHI, KARACHI",2 WEEKS AGO
"Rs1,095,000","2012 - 95,000 km",suzuki swift urgent sell,"M.A. JINNAH ROAD, KARACHI",2 WEEKS AGO
"Rs1,455,000","2011 - 115,000 km",Suzuki swift dlx,FAISALABAD,2 WEEKS AGO
"Rs1,400,000","2013 - 77,000 km",swift 2013,CHINIOT,2 WEEKS AGO
"Rs1,375,000",2009 - 123 km,Suzuki Swift Japness,"AIRPORT HOUSING SOCIETY, RAWALPINDI",2 WEEKS AGO
"Rs220,000","1990 - 35,682 km",Suzuki khyber swift 1990,SARGODHA,2 WEEKS AGO
"Rs380,000","1998 - 28,000 km",Suzuki khyber swift,KASUR,2 WEEKS AGO
"Rs1,550,000","2015 - 125,000 km",szuki swift dlx,"REVENUE SOCIETY, LAHORE",2 WEEKS AGO
"Rs1,475,000","2015 - 90,000 km",Suzuki Swift DLX 15 for sale,"MODEL TOWN, LAHORE",2 WEEKS AGO
"Rs1,245,000","2010 - 134,200 km",Suzuki Swift 2010,GUJRANWALA,2 WEEKS AGO
"Rs270,000","1990 - 111,111 km",Suzuki japani Swift,MULTAN,2 WEEKS AGO
"Rs1,220,000","2011 - 100,000 km",Swift DLX 2011 reg 2012,"OLD CLIFTON, KARACHI",2 WEEKS AGO
"Rs1,710,000","2017 - 82,000 km",suzuki swift,"JOHAR TOWN, LAHORE",2 WEEKS AGO
"Rs1,495,000","2013 - 94,000 km",Suzuki swift 1.3 dlx 2013,"RAVI ROAD, LAHORE",2 WEEKS AGO
"Rs330,000","1988 - 280,000 km",SWIFT seal 2 seal geniune no main exident engine hisa very good,"I-13, ISLAMABAD",2 WEEKS AGO
"Rs340,000","1996 - 97,531 km",Air condition khyber swift . Nissan sunny car,"NAZIMABAD, KARACHI",2 WEEKS AGO
"Rs1,600,000","2012 - 94,000 km",swift,"SOAN GARDEN, ISLAMABAD",2 WEEKS AGO
"Rs1,690,000","2018 - 28,000 km",Swift for sale just like new automatic,"NEW KARACHI, KARACHI",2 WEEKS AGO
"Rs1,450,000","2012 - 105,000 km",swift Automatic sindh number,"SHAHDARA, LAHORE",2 WEEKS AGO
"Rs2,325,000",2021 - 300 km,suzuki swift selky silver,"SABZAZAR, LAHORE",2 WEEKS AGO
"Rs1,235,000","2011 - 124,000 km",suzuki swift dlx,"WALTON ROAD, LAHORE",2 WEEKS AGO
"Rs1,550,000","2016 - 75,000 km",swift 2016 dlx,FAISALABAD,2 WEEKS AGO
"Rs1,290,000","2012 - 36,400 km",Swift(DLX)with ABS break,GUJRANWALA,2 WEEKS AGO
"Rs330,000","1997 - 100,000 km",khyber swift 1997,"GULSHAN-E-IQBAL BLOCK 10, KARACHI",2 WEEKS AGO
"Rs230,000","1995 - 1,111 km",Suzuki khyber (swift),"GULSHAN-E-MAYMAR, KARACHI",2 WEEKS AGO
"Rs1,295,000","2013 - 169,333 km",Swift DlX model 2013,"SCHEME 33, KARACHI",2 WEEKS AGO
"Rs1,300,000","2012 - 90,000 km",suzuki swift 2012,"ROYAL 8 ICON, KARACHI",2 WEEKS AGO
"Rs295,000","1986 - 344,333 km",Swift khyber argent sale,"LANDHI COLONY, KARACHI",2 WEEKS AGO
"Rs410,000","1987 - 57,555 km",suzukikhyber swift japan 1987model 1988 reh,ABBOTTABAD,2 WEEKS AGO
"Rs1,620,000","2015 - 70,000 km",suzuki swift 1.3Dlx gray 1328cc manually transmission android panel,"NISHAT COLONY, LAHORE",2 WEEKS AGO
"Rs1,850,000","2018 - 66,000 km",swift 2018,"WAPDA TOWN, LAHORE",2 WEEKS AGO
"Rs1,425,000","2014 - 76,811 km",swift dlx 2014/2015,"DAROGHEWALA, LAHORE",2 WEEKS AGO
"Rs1,560,000","2014 - 66,000 km",Suzuki swift DLX 1.3 Automatic Transmission Model 2014,"MALIR, KARACHI",2 WEEKS AGO
"Rs300,000","1987 - 786,000 km",swift japani perfect condition,"ANDA MOR ROAD, KARACHI",2 WEEKS AGO
"Rs2,950,000","2018 - 27,000 km",Suzuki swift turbo hybrid,"BAHRIA TOWN, ISLAMABAD",2 WEEKS AGO
"Rs550,000",1999 - 11 km,SUZUKI KHYBER SWIFT (GA Limited Edition),"KURRI ROAD, RAWALPINDI",2 WEEKS AGO
"Rs1,680,000","2017 - 52,000 km",Suzuki Swift 1.3 DLX Navigation (Model 2017) Bumper To Bumper Genuine,"WAFAQI COLONY, LAHORE",2 WEEKS AGO
"Rs3,275,000","2017 - 95,000 km",Suzuki Swift Rs Turbo 1.0 2017/2020 (4 Grade Verifiable Auction Sheet,"GULBERG 3, LAHORE",2 WEEKS AGO
"Rs2,000,000","2018 - 39,000 km",Swift 2018 Auto transmission,"ASKARI IV, KARACHI",2 WEEKS AGO
"Rs290,000","1989 - 123,456 km",SUZUKI SWIFT 1989 RED COOL COLOR,"RAWAL ENCLAVE, ISLAMABAD",2 WEEKS AGO
"Rs1,400,000","2013 - 120,000 km",Suzuki swift 2013 in excellent condition,BAHAWALPUR,2 WEEKS AGO
"Rs1,410,000","2013 - 109,000 km","Swift DLX 1.3 2013, Excellent Condition","NAYA NAZIMABAD, KARACHI",2 WEEKS AGO
"Rs1,750,000","2017 - 77,000 km",Suzuki Swift 1.3 DLX,SIALKOT,2 WEEKS AGO
"Rs1,375,000","2013 - 180,000 km",Swift 2013,"G-6, ISLAMABAD",2 WEEKS AGO
"Rs1,690,000","2014 - 100,000 km",Swift car,MINGAORA,2 WEEKS AGO
"Rs1,550,000","2016 - 73,000 km",suzuki swift 1.3 dlx model 2016,"SAKHI HASAN, KARACHI",2 WEEKS AGO
"Rs1,760,000","2017 - 80,000 km",white swift,"JOHAR TOWN, LAHORE",2 WEEKS AGO
"Rs1,580,000","2015 - 55,000 km",suzuki swift 1.3 DLX,"FAROOQ-E-AZAM, KARACHI",2 WEEKS AGO
"Rs265,000","1996 - 14,500 km",SUZUKI KHYBER SWIFT JAPAN 1996 All OK Bus AC nhi h,"GHAZIABAD, KARACHI",2 WEEKS AGO
"Rs1,920,000","2010 - 100,786 km",swift 1.3 karachi registered japani,QUETTA,2 WEEKS AGO
"Rs350,000","1991 - 100,000 km",Suzuki khyber Swift Model 1991,HYDERABAD,2 WEEKS AGO
"Rs1,875,000","2017 - 42,000 km",suzuki swift DLX automatic 1.3 navigation,FAISALABAD,2 WEEKS AGO
"Rs810,000","2013 - 850,000 km",suzuki swift 2013 model silver color,"PESHAWAR ROAD, RAWALPINDI",2 WEEKS AGO
"Rs300,000","1992 - 100,000 km",1992 margalla swift jappense petrol cng Ac everything on,"GODHRA, KARACHI",2 WEEKS AGO
"Rs1,810,000","2018 - 48,000 km",suzuki swift for sell,"GULSHAN-E-IQBAL BLOCK 5, KARACHI",2 WEEKS AGO
"Rs1,780,000","2017 - 40,000 km",swift 2017 Total genuine,"PECO ROAD, LAHORE",2 WEEKS AGO
"Rs195,000","1989 - 10,000 km",khyber swift,"NORTH KARACHI, KARACHI",2 WEEKS AGO
"Rs1,365,000","2011 - 108,200 km",suzuki swift 2011 for sale,"CANTT, LAHORE",2 WEEKS AGO
"Rs1,325,000","2012 - 120,000 km",swift dlx 2012,"SHALIMAR HOUSING SCHEME, LAHORE",2 WEEKS AGO
"Rs1,395,000","2013 - 170,000 km",Suzuki Swift 1.3 DLX,SIALKOT,2 WEEKS AGO
"Rs1,350,000","2013 - 100,000 km",Suzuki swift 2013,"ABDALIANS HOUSING SOCIETY, LAHORE",2 WEEKS AGO
"Rs1,600,000","2016 - 71,000 km",Suzuki swift dlx navigation,RAHIMYAR KHAN,2 WEEKS AGO
"Rs1,432,000","2014 - 180,000 km",Suzuki swift car 2014 model,"9TH AVENUE, ISLAMABAD",2 WEEKS AGO
"Rs2,125,000","2016 - 64,000 km",city 2016 b2b genuine better than civic corolla caltus swift alto,"NORTH NAZIMABAD, KARACHI",2 WEEKS AGO
"Rs1,450,000","2012 - 153,000 km",Suzuki swift,PESHAWAR,2 WEEKS AGO
"Rs1,400,000","2012 - 112,000 km",Swift 2012 DLX 1.3,"DHA CITY, LAHORE",2 WEEKS AGO
"Rs340,000","1996 - 79,513 km",Air condition Suzuki swift. Nissan sunny car,"NAZIMABAD, KARACHI",2 WEEKS AGO
"Rs1,450,000","2006 - 180,000 km",suzuki swift car full automatic japanese imported,PESHAWAR,2 WEEKS AGO
"Rs1,750,000","2015 - 72,408 km",suzuki swift auto dlx,"SAMANABAD, LAHORE",2 WEEKS AGO
"Rs1,300,000","2013 - 125,000 km",Swift 2013 Dlx urgent sale,"GULISTAN-E-JAUHAR BLOCK 2, KARACHI",2 WEEKS AGO
"Rs1,500,000",2013 - 150 km,Swift dlx 1.3 Full option media,"MEDIA TOWN, RAWALPINDI",2 WEEKS AGO
"Rs1,640,000","2014 - 90,000 km",Suzuki Swift 1.3 DLX Automatic 2014,"FEDERAL B AREA, KARACHI",2 WEEKS AGO
"Rs1,900,000","2018 - 50,000 km",swift manual like a sports car,"I-10, ISLAMABAD",2 WEEKS AGO
"Rs1,120,000","2011 - 85,000 km",Suzuki Swift Dx 2011,"GARDEN EAST, KARACHI",2 WEEKS AGO
"Rs1,350,000","2012 - 104,234 km",Swift 2012 DLX MT,"NORTH KARACHI, KARACHI",2 WEEKS AGO
"Rs1,650,000","2015 - 81,000 km",SUZUKI SWIFT DLX 1.3 NAVIGATION,JHANG SADAR,2 WEEKS AGO
"Rs1,930,000","2019 - 65,000 km",suzuki swift 1.3 Dlx,TOBA TEK SINGH,2 WEEKS AGO
"Rs1,930,000","2019 - 65,000 km",suzuki swift urgent sale,"E-8, ISLAMABAD",2 WEEKS AGO
"Rs1,300,000","2012 - 99,500 km",swift cars 03214355052,"KACHA FEROZEPUR ROAD, LAHORE",2 WEEKS AGO
"Rs130,000","1987 - 50,000 km",Suzuki Swift,"AHSANABAD, KARACHI",2 WEEKS AGO
"Rs1,675,000","2016 - 145,000 km",Suzuki Swift 1.3 DLX Manual,"ASKARI IV, KARACHI",2 WEEKS AGO
"Rs290,000","1992 - 12,345 km",Khyber MIG Swift 1992,HYDERABAD,2 WEEKS AGO
"Rs425,000","1991 - 111,111 km",Khyber Swift,KHUSHAB,2 WEEKS AGO
"Rs1,260,000","2011 - 70,000 km",Swift 2011 DX,"BAHRIA TOWN KARACHI, KARACHI",2 WEEKS AGO
"Rs230,000","1984 - 93,000 km",SUZUKI FX (BOLAN-MEHRAN-KHYBER-CHARADE-SWIFT),"BAHRIA NASHEMAN, LAHORE",2 WEEKS AGO
"Rs1,280,000","2013 - 100,000 km","Suzuki Swift DX 1.3, Almost Original","GULBERG TOWN, KARACHI",2 WEEKS AGO
"Rs190,000","1987 - 100,000 km",Suzuki Khyber Swift,"DHA PHASE 2, KARACHI",2 WEEKS AGO
"Rs1,350,000","2014 - 97,000 km",Swift 2014,"MT KHAN ROAD, KARACHI",2 WEEKS AGO
"Rs1,925,000","2018 - 75,000 km",Swift 2018 junine,"VALENCIA, LAHORE",2 WEEKS AGO
"Rs1,735,000","2017 - 39,000 km",Suzuki Swift 1.3 DLX,"DHA PHASE 7, KARACHI",2 WEEKS AGO
"Rs1,425,000","2014 - 62,490 km",Suzuki Swift 2014 DLX Full Options Excellent Condition,"ABUL HASSAN ISPHANI ROAD, KARACHI",2 WEEKS AGO
"Rs320,000","1990 - 9,999 km",Suzuki khyber swift,"DHOK MANGTAL, RAWALPINDI",2 WEEKS AGO
"Rs1,225,000","2010 - 75,000 km",Swift 2010,"AMIR KHUSRO, KARACHI",2 WEEKS AGO
"Rs118,000","2011 - 100,005 km",swift,"KHARADAR, KARACHI",2 WEEKS AGO
"Rs1,785,000","2018 - 86,000 km",SUZUKI SWIFT DXL,GUJRAT,2 WEEKS AGO
"Rs295,000","1997 - 125,210 km",suzuki khyber 97 original condition ac cng petrol batter swift mehran,"NORTH NAZIMABAD, KARACHI",2 WEEKS AGO
"Rs1,390,000","2013 - 93,000 km",suzuki swift 2013,"AMIR KHUSRO, KARACHI",2 WEEKS AGO
"Rs1,950,000","2019 - 34,000 km",suzuki swift 2019 model Lahore registered,SAHIWAL,2 WEEKS AGO
"Rs280,000","1990 - 11,111 km",suzuki swift khyber,MULTAN,2 WEEKS AGO
"Rs1,285,000","2011 - 122,000 km",Suzuki Swift DX 1.3 2011 model,"JOHAR TOWN, LAHORE",2 WEEKS AGO
"Rs1,490,000","2015 - 78,800 km",Swift Dlx 2015 Manual,"BUFFER ZONE 2, KARACHI",2 WEEKS AGO
"Rs1,850,000","2018 - 50,000 km","Suzuki Swift 2018 DLX manual with Navigation, Islamabad Registered","F-10, ISLAMABAD",2 WEEKS AGO
"Rs1,800,000","2017 - 77,000 km",suzuki swift 1.3 DLX,"G-9, ISLAMABAD",2 WEEKS AGO
"Rs1,500,000","2016 - 69,000 km",swift car2016 model2019 rig up to sale,CHAKWAL,2 WEEKS AGO
"Rs1,675,000","2015 - 83,000 km",Swift dlx 2015,PESHAWAR,2 WEEKS AGO
"Rs1,650,000","2016 - 110,000 km",Suzuki swift 1.3 DLX,QUETTA,2 WEEKS AGO
"Rs1,440,000","2007 - 88,000 km",japani swift model 2007 import 2017 registered 2019,GUJRAT,2 WEEKS AGO
"Rs1,595,000","2014 - 58,500 km",Swift 2014,ABBOTTABAD,2 WEEKS AGO
"Rs290,000","1995 - 61,000 km",Suzuki Swift - Khyber for Sale in Lahore,"MAZANG, LAHORE",2 WEEKS AGO
"Rs1,560,000","2015 - 75,000 km",Suzuki swift dlx,"PCSIR STAFF COLONY, LAHORE",2 WEEKS AGO
"Rs1,580,000","2012 - 129,000 km",Swift automatic 1.3 navigation,"G-12, ISLAMABAD",2 WEEKS AGO
"Rs1,250,000","2012 - 127,000 km",Swift dlx 2012,"FEDERAL B AREA, KARACHI",2 WEEKS AGO
"Rs1,170,000","2011 - 77,000 km",swift 2011 urgent sale one pcs touchup,"FEDERAL B AREA, KARACHI",2 WEEKS AGO
"Rs1,720,000","2018 - 41,000 km",Suzuki Swift For Sale,"JOHAR TOWN, LAHORE",2 WEEKS AGO
"Rs1,780,000","2017 - 46,000 km",Suzuki Swift 1.3 GLX Navigation 2017,GUJRANWALA,2 WEEKS AGO
"Rs1,700,000","2016 - 58,700 km",swift 1.3,"BAHRIA TOWN KARACHI, KARACHI",2 WEEKS AGO
"Rs1,520,000","2013 - 90,000 km",suzuki swift car sell only,"CLIFTON, KARACHI",2 WEEKS AGO
"Rs1,198,000",2021 - 1 km,"we have all new suzuki cars. Alto, WagonR, Cultus, Swift, Bolan, Ravi","RAIWIND ROAD, LAHORE",2 WEEKS AGO
"Rs1,565,000","2016 - 90,000 km",swift dlx manual full orignal,"TARIQ ROAD, KARACHI",2 WEEKS AGO
"Rs1,980,000","2019 - 65,000 km",10/10 condition 2019 registered SUZUKI SWIFT,"AIRPORT, KARACHI",2 WEEKS AGO
"Rs1,675,000","2016 - 187,000 km",Suzuki Swift 1.3,"GHAURI TOWN, ISLAMABAD",2 WEEKS AGO
"Rs420,000","1999 - 200,000 km",Suzuki swift,"ABUL HASSAN ISPHANI ROAD, KARACHI",2 WEEKS AGO
"Rs1,300,000","2010 - 10,000 km",suzuki swift 2010,PESHAWAR,2 WEEKS AGO
"Rs250,000","1990 - 100,000 km",Suzuki Khyber (Swift),PESHAWAR,3 WEEKS AGO
"Rs2,450,000","2011 - 96,000 km",suzuki swift RS,QUETTA,3 WEEKS AGO
"Rs315,000","1993 - 100,000 km",Suzuki khyber swift,SHAKARGARH,3 WEEKS AGO
"Rs340,000","1996 - 979,797 km",Air condition Suzuki swift. Nissan sunny car,"NAZIMABAD, KARACHI",3 WEEKS AGO
"Rs1,700,000","2011 - 15,000 km",Swift Swift,"CHAKLALA SCHEME, RAWALPINDI",3 WEEKS AGO
"Rs1,450,000","2010 - 117,000 km",Suzuki swift,JHANG SADAR,3 WEEKS AGO
"Rs1,725,000","2017 - 43,000 km",suzuki swift 2017(december) just like a new car,"DHA PHASE 3, LAHORE",3 WEEKS AGO
"Rs1,950,000","2019 - 17,000 km",swift car model 2019 100% genuine,HYDERABAD,3 WEEKS AGO
"Rs1,840,000","2018 - 65,869 km",suzuki swift contact me on this number please 03333463169 (adil),"KEHKASHAN, KARACHI",3 WEEKS AGO
"Rs1,600,000","2014 - 72,000 km",suzuki swift 1.3 Auto,"MALIR, KARACHI",3 WEEKS AGO
"Rs1,280,000","2010 - 79,000 km",swift. 2010 model . 0. . 0 condition. .,"KALA BOARD, KARACHI",3 WEEKS AGO
"Rs1,950,000","2019 - 16,000 km",2019 model swift in mint condition.,"AZIZABAD, KARACHI",3 WEEKS AGO
"Rs260,000","1987 - 100,000 km",Suzuki swift khyber,"OTHERS, LAHORE",3 WEEKS AGO
"Rs2,100,000","2020 - 19,000 km",Suzuki Swift DLX Manual,"GHAURI TOWN, RAWALPINDI",3 WEEKS AGO
"Rs2,200,000","2020 - 33,000 km",I am selling my suzuki swift DLX Navigation,SARGODHA,3 WEEKS AGO
"Rs2,250,000","2013 - 99,000 km",Suzuki Swift 2020reg import 2018 model 2013,PESHAWAR,3 WEEKS AGO
"Rs350,000","1988 - 123,000 km",Suzuki Khyber Swift Japan,"LAWYERS SOCIETY, ISLAMABAD",3 WEEKS AGO
"Rs1,660,000","2016 - 49,000 km",suzuki swift DLX 1.3,"PAK ARAB HOUSING SOCIETY, LAHORE",3 WEEKS AGO
"Rs1,300,000","2012 - 79,000 km",swift for sale,"AWAMI COLONY, KARACHI",3 WEEKS AGO
"Rs1,410,000","2012 - 190,000 km",Suzuki swift Dlx 1.3,DERA ISMAIL KHAN,3 WEEKS AGO
"Rs1,350,000","2013 - 85,000 km",Suzuki Swift dlx 1.3 manual sillver colour in gujranwala city,GUJRANWALA,3 WEEKS AGO
"Rs1,675,000","2015 - 99,000 km",swift dlx bumper to bumper,"DHOK NAJU, RAWALPINDI",3 WEEKS AGO
"Rs225,000","1990 - 1,000 km",Suzuki khyber swift 1990 a. c/new alloyrim&tyers,"LIAQUATABAD, KARACHI",3 WEEKS AGO
"Rs2,150,000","2019 - 33,000 km",Suzuki swift automatic,"SURJANI TOWN, KARACHI",3 WEEKS AGO
"Rs1,300,000","2013 - 90,000 km",Suzuki Swift DLX,"AMIR KHUSRO, KARACHI",3 WEEKS AGO
"Rs1,800,000","2018 - 80,000 km",Suzuki Swift model 2018,FAISALABAD,3 WEEKS AGO
"Rs1,250,000","2010 - 80,000 km",Suzuki swift Dlx 2010,"GULSHAN-E-RAVI, LAHORE",3 WEEKS AGO
"Rs1,450,000","2013 - 135,000 km",Suzuki swift,"FEROZEPUR ROAD, LAHORE",3 WEEKS AGO
"Rs1,450,000",2013 - 1 km,Suzuki swift 2013 model running135000,"FEROZEPUR ROAD, LAHORE",3 WEEKS AGO
"Rs1,750,000","2016 - 58,700 km",Suzuki swift Dxl1.3,"BAHRIA TOWN KARACHI, KARACHI",3 WEEKS AGO
"Rs1,530,000","2014 - 66,600 km",Suzuki Swift,"BUFFER ZONE 1, KARACHI",3 WEEKS AGO
"Rs500,000","2007 - 10,000 km",swift 2007,MURREE,3 WEEKS AGO
"Rs1,480,000","2013 - 72,800 km",Swift DLX Manul 2013,"GULBERG 2, LAHORE",3 WEEKS AGO
"Rs810,000","2013 - 85,000 km",suzuki swift 2013 model silver color,"SHAHDARA, LAHORE",3 WEEKS AGO
"Rs1,350,000","2012 - 82,000 km",Suzuki Swift Fully Original Car Ne Tyers Rim Android Sound with bufer,"KDA SCHEME 1, KARACHI",3 WEEKS AGO
"Rs1,815,000","2018 - 47,500 km",Suzuki Swift 2018 Navigation (May 2018) regirtered.,"NORTH NAZIMABAD, KARACHI",3 WEEKS AGO
"Rs1,610,000","2014 - 136,000 km",swift automatic,"FRIENDS COLONY, RAWALPINDI",3 WEEKS AGO
"Rs1,790,000","2019 - 46,000 km",Suzuki swift 2019 manual,"BAHRIA TOWN KARACHI, KARACHI",3 WEEKS AGO
"Rs1,275,000","2011 - 166,000 km",Suzuki swift 2011 for sale,"WALTON ROAD, LAHORE",3 WEEKS AGO
"Rs1,325,000","2012 - 112,000 km",Suzuki swift neat and clean,"SALAMATPURA, LAHORE",3 WEEKS AGO
"Rs1,150,000","2012 - 94,202 km",suzuki swift,"UMT SOCIETY, LAHORE",3 WEEKS AGO
"Rs1,430,000","2014 - 89,000 km",suzuki swift 2004-2014 japanese,KOHAT,3 WEEKS AGO
"Rs430,000","1989 - 89,000 km",Suzuki swift total Geniue Japan assmble,"MUSLIM TOWN, RAWALPINDI",3 WEEKS AGO
"Rs1,485,000","2014 - 65,000 km",Swift DLX 2014,"DARUSSALAM COOP SOCIETY, KARACHI",3 WEEKS AGO
"Rs1,695,000","2007 - 122,000 km",Suzuki Swift 2007 Automatic,PESHAWAR,3 WEEKS AGO
"Rs1,530,000","2015 - 48,000 km",suzuki swift,"LIGHT HOUSE, KARACHI",3 WEEKS AGO
"Rs225,000","1990 - 1,000 km",Suzuki khyber swift 1990 A. C /new alloyrim & tyers,"LIAQUATABAD, KARACHI",3 WEEKS AGO
"Rs1,750,000","2016 - 58,700 km",Suzuki Swift 2016 Model 58000km,"BAHRIA TOWN KARACHI, KARACHI",3 WEEKS AGO
"Rs300,000","1992 - 40,000 km",suzuki swift khyber,WAH,3 WEEKS AGO
"Rs1,540,000","2013 - 80,000 km",suzuki swift 2013 model,QUETTA,3 WEEKS AGO
"Rs1,240,000",2010 - 123 km,Swift 2010 rwp # very good condition,"SADDAR, RAWALPINDI",3 WEEKS AGO
"Rs2,210,000",2021 - 10 km,Suzuki Swift automatic,"MULTAN ROAD, LAHORE",3 WEEKS AGO
"Rs1,395,000","2013 - 82,000 km",Swift 2013 Total Jeniune Car,"JOHAR TOWN, LAHORE",3 WEEKS AGO
"Rs315,000","1992 - 23,567 km",khyuber swift,"SHEIKHUPURA ROAD, LAHORE",3 WEEKS AGO
"Rs1,300,000","2010 - 57,000 km",Suzuki Swift 1.3 DLX 2010,DERA ISMAIL KHAN,3 WEEKS AGO
"Rs1,885,000","2018 - 26,000 km",swift navigation 1.3,JHELUM,3 WEEKS AGO
"Rs1,225,000","2012 - 78,000 km",suzuki swift 2012/15 urgent sale,"DHARAMPURA, LAHORE",3 WEEKS AGO
"Rs230,000","1989 - 100,000 km",suzuki swift khyper japness for sell and xchange,HYDERABAD,3 WEEKS AGO
"Rs250,000","1991 - 50,000 km",khyber swift suzuki 1991 model,NOWSHERA,3 WEEKS AGO
"Rs220,000","1989 - 10,000 km",Suzuki Swift 1989 (Khyber shape),"AIRPORT, KARACHI",3 WEEKS AGO
"Rs1,750,000","2017 - 81,000 km",suzuki swift 2017,"JOHAR TOWN, LAHORE",3 WEEKS AGO
"Rs1,465,000","2013 - 78,000 km",Suzuki Swift 2013 Dlx Navigation Manual,SADIQABAD,3 WEEKS AGO
"Rs1,580,000","2014 - 140,000 km",suzuki swift automatic,"ISLAMABAD VIEW VALLEY, ISLAMABAD",3 WEEKS AGO
"Rs1,535,000","2014 - 80,000 km",Suzuki Swift 2014,"DHA PHASE 1, LAHORE",3 WEEKS AGO
"Rs400,000","1999 - 200,000 km",Suzuki Swift,"ABUL HASSAN ISPHANI ROAD, KARACHI",3 WEEKS AGO
"Rs1,425,000","2013 - 109,000 km",Swift Dlx 1.3,FAISALABAD,3 WEEKS AGO
"Rs250,000","1998 - 100,000 km",Suzuki Khayber swift 1998,"NORTH KARACHI, KARACHI",3 WEEKS AGO
"Rs400,000","1999 - 20,000 km",Suzuki swift /Khyber for sale,"ABUL HASSAN ISPHANI ROAD, KARACHI",3 WEEKS AGO
"Rs1,300,000","2010 - 190,000 km",suzuki swift DLX,SHEIKHPURA,3 WEEKS AGO
"Rs145,000","1989 - 50,000 km",Swift Khyber,"LANDHI 1, KARACHI",3 WEEKS AGO
"Rs1,250,000","2011 - 142,000 km",Swift 2011,SADIQABAD,3 WEEKS AGO
"Rs1,250,000","2011 - 142,000 km",SWIFT 2011,GHOTKI,3 WEEKS AGO
"Rs340,000","1996 - 794,479 km",Air condition Suzuki swift. Red Nissan sunny car,"NAZIMABAD, KARACHI",3 WEEKS AGO
"Rs1,325,000","2012 - 103,000 km",Suzuki Swift 2012 Manual White,"GULISTAN-E-JAUHAR BLOCK 2, KARACHI",3 WEEKS AGO
"Rs1,375,000","2014 - 51,000 km",suzuki swift 2014,"OLD GOLIMAR, KARACHI",3 WEEKS AGO
"Rs1,450,000","2014 - 250,000 km",Suzuki Swift DLX 1.3,"BLUE AREA, ISLAMABAD",3 WEEKS AGO
"Rs1,260,000","2011 - 149,000 km",Swift DXL 2011,PESHAWAR,3 WEEKS AGO
"Rs2,100,000","2018 - 34,000 km",Suzuki Swift Automatic with Navigation 2018 fully loaded,"GILLANI RAILWAY STATION, KARACHI",3 WEEKS AGO
"Rs1,245,000","2014 - 86,000 km",Swift 2014 model urgent sale,"SHER SHAH SURI ROAD, KARACHI",3 WEEKS AGO
"Rs1,580,000","2016 - 54,900 km",SUZUKI SWIFT (MANUAL) 2016,"S.I.T.E, KARACHI",3 WEEKS AGO
"Rs1,430,000","2015 - 94,312 km",Suzuki Swift 1.3 DLX Manual 1st Owner 100% Original,"NORTH NAZIMABAD, KARACHI",3 WEEKS AGO
"Rs1,275,000",2011 - 150 km,Suzuki Swift 2011 dlx,"NAZIMABAD, KARACHI",3 WEEKS AGO
"Rs1,285,000","2013 - 85,000 km",suzuki swift,MULTAN,3 WEEKS AGO
"Rs1,140,000","2011 - 155,000 km",Suzuki swift dx manual for sale,"CLIFTON, KARACHI",3 WEEKS AGO
"Rs1,475,000","2014 - 59,800 km",Suzuki swift dlx 1.3 mannual 2014,"NORTH KARACHI, KARACHI",3 WEEKS AGO
"Rs1,375,000","2013 - 90,000 km",SUZUKI SWIFT DX 2013,FAISALABAD,3 WEEKS AGO
"Rs1,050,000","2010 - 111,750 km",Swift car sale,"DHA PHASE 6, KARACHI",3 WEEKS AGO
"Rs1,900,000","2018 - 50,000 km",suzuki swift 2018 total genuine,SIALKOT,3 WEEKS AGO
"Rs2,075,000","2019 - 14,000 km",suzuki swift auto 2019,"FEDERAL B AREA, KARACHI",3 WEEKS AGO
"Rs425,000","1996 - 70,000 km",CAR for sale suzuki khyber swift,KOHAT,3 WEEKS AGO
"Rs1,525,000","2014 - 35,000 km",Suzuki swift dlx 2014,LARKANA,3 WEEKS AGO
"Rs390,000","1997 - 94,000 km",Suzuki Swift(Khyber),LAYYAH,3 WEEKS AGO
"Rs1,870,000","2017 - 45,000 km",Suzuki swift,"NAZIMABAD, KARACHI",3 WEEKS AGO
"Rs1,340,000",2010 - 83 km,Suzuki swift 2010 model sale in lahore,"DATA DARBAR ROAD, LAHORE",3 WEEKS AGO
"Rs1,850,000","2016 - 44,000 km",Suzuki Swift 1.3 DLX Automatic 2016,"GULBERG TOWN, KARACHI",3 WEEKS AGO
"Rs340,000","1996 - 858,585 km",Air condition suzuki swift. Nissan sunny car,"NAZIMABAD, KARACHI",3 WEEKS AGO
"Rs1,330,000","2013 - 106,000 km",swift DLX 2013,HYDERABAD,3 WEEKS AGO
"Rs1,600,000","2014 - 61,000 km",Suzuki swift automatic model 2014,"NORTH NAZIMABAD, KARACHI",3 WEEKS AGO
"Rs1,275,000","2012 - 999,999 km",Suzuki swift 1.3 Dx,"RASOOL PARK, LAHORE",3 WEEKS AGO
"Rs1,500,000","2015 - 120,000 km",Gift for Swift Lover,VEHARI,3 WEEKS AGO
"Rs1,500,000","2015 - 120,000 km",Gift for Swift Lover,VEHARI,3 WEEKS AGO
"Rs1,550,000","2015 - 75,000 km",White color Suzuki swift for Sale,"GULSHAN-E-IQBAL BLOCK 13, KARACHI",3 WEEKS AGO
"Rs1,620,000","2015 - 105,000 km",suzuki Swift 2015 model 0345 7729533,PAKPATTAN,3 WEEKS AGO
"Rs1,380,000","2011 - 79,500 km",swift dlx abs varient,SARGODHA,3 WEEKS AGO
"Rs895,000","2012 - 95,000 km",2012 suzuki cultus vxr btr alto mehran city baleno cuore liana swift,"GULSHAN-E-IQBAL BLOCK 7, KARACHI",3 WEEKS AGO
"Rs220,000","1987 - 786,000 km",suzuki Swift japan assembled,"ANDA MOR ROAD, KARACHI",3 WEEKS AGO
"Rs1,285,000","2014 - 98,000 km",swift 2014 excellent conditio,"MALIR, KARACHI",3 WEEKS AGO
"Rs1,390,000","2011 - 74,000 km",Suzuki Swift for Sale,"KAHUTA, RAWALPINDI",3 WEEKS AGO
"Rs1,780,000","2018 - 37,000 km",suzuki swift 2018,"NASHEMAN-E-IQBAL, LAHORE",3 WEEKS AGO
"Rs1,550,000","2013 - 84,129 km",Suzuki Swift,"JOHAR TOWN, LAHORE",3 WEEKS AGO
"Rs1,950,000","2019 - 33,000 km",Suzuki swift Dlx 1.3,FAISALABAD,3 WEEKS AGO
"Rs1,215,000","2012 - 200,000 km",Suzuki swift,"G-15, ISLAMABAD",3 WEEKS AGO
"Rs1,225,000","2011 - 74,000 km",Suzuki swift 2011 dx for sale,"PATIALA GROUND, LAHORE",3 WEEKS AGO
"Rs1,430,000","2013 - 180,000 km",SUZUKI Swift 1.3 DLX,PESHAWAR,3 WEEKS AGO
"Rs290,000","1991 - 95,000 km",Suzuki Swift Japan,BHIMBER,3 WEEKS AGO
"Rs1,595,000","2014 - 14,320 km",Swift 2014,PAKISTAN,4 WEEKS AGO
"Rs1,360,000","2011 - 11,233 km",Swift 2011 for urgent sale,PAKISTAN,4 WEEKS AGO
"Rs375,000","1998 - 150,000 km",Suzuki swift 1998/99 CNG/PETROl,PAKISTAN,4 WEEKS AGO
"Rs1,530,000","2014 - 76,000 km",Suzuki Swift Manual,PAKISTAN,4 WEEKS AGO
"Rs1,325,000","2013 - 142,000 km",SUZUKI SWIFT HOME USED CAR,PAKISTAN,4 WEEKS AGO
"Rs250,000","1985 - 858,585 km",Red Nissan sunny . Air-conditioned Suzuki swift car,"NAZIMABAD, KARACHI",4 WEEKS AGO
"Rs1,675,000","2014 - 75,000 km",Suzuki Swift DLX Automatic Navigation in Brand new condition,PAKISTAN,4 WEEKS AGO
"Rs1,475,000","2012 - 120,000 km",Suzuki swift,PAKISTAN,4 WEEKS AGO
"Rs1,395,000","2013 - 91,000 km",Suzuki swift DX mint condtion,PAKISTAN,4 WEEKS AGO
"Rs270,000","1986 - 100,000 km",Suzuki swift 1986,PAKISTAN,4 WEEKS AGO
"Rs2,150,000","2019 - 74,000 km",Suzuki Swift Automatic Navigation 2019,PAKISTAN,4 WEEKS AGO
"Rs1,745,000","2017 - 80,000 km",Suzuki Swift 1.3 DLX Total Genuine Bumper to Bumper MT,PAKISTAN,4 WEEKS AGO
"Rs1,730,000","2016 - 58,000 km",Suzuki Swift DLX automatic 2016,"KHALIQ-UZ-ZAMAN ROAD, KARACHI",4 WEEKS AGO
"Rs1,450,000",2013 - 110 km,Sazuki Swift 2013 DLX navigation,PAKISTAN,4 WEEKS AGO
"Rs1,125,000","2012 - 124,000 km",Swift 2012 DX,PAKISTAN,4 WEEKS AGO
"Rs1,670,000","2016 - 110,000 km",Suzuki swift dlx,PAKISTAN,4 WEEKS AGO
"Rs315,000","1990 - 111,111 km",Suzuki Swift / Khyber,PAKISTAN,4 WEEKS AGO
"Rs1,350,000","2013 - 100,000 km",Suzuki swift abs alloys rim,PAKISTAN,4 WEEKS AGO
"Rs430,000","1996 - 123,456 km",Suzuki khyber swift,PESHAWAR,4 WEEKS AGO
"Rs1,295,000","2013 - 67,000 km",I am selling my home used swift in awsem condition,"DHA PHASE 3, LAHORE",4 WEEKS AGO
"Rs1,750,000","2016 - 90,000 km",Suzuki swift totally genuine,OKARA,4 WEEKS AGO
"Rs1,455,000","2011 - 115,000 km",Swift dslr,FAISALABAD,4 WEEKS AGO
"Rs1,275,000","2012 - 125,400 km",Suzuki swift dx,"PUNJAB COOP HOUSING SOCIETY, LAHORE",4 WEEKS AGO
"Rs340,000","1996 - 852,852 km",V. i. P child Air-conditioned Suzuki swift 1996 car.,"NAZIMABAD, KARACHI",4 WEEKS AGO
"Rs1,600,000","2015 - 104,093 km",Suzuki Swift,"THOKAR NIAZ BAIG, LAHORE",4 WEEKS AGO
"Rs1,490,000","2014 - 63,000 km",Suzuki swift totally geniune minor touchs,"TARIQ GARDENS, LAHORE",4 WEEKS AGO
"Rs1,650,000","2016 - 70,000 km",Suzuki swift 1.3 DLX MANUAL,SIALKOT,4 WEEKS AGO
"Rs1,225,000","2011 - 83,000 km",Suzuki Swift,SIALKOT,4 WEEKS AGO
"Rs1,880,000","2018 - 49,000 km",Suzuki swift exelent codition,"FAISAL TOWN, LAHORE",4 WEEKS AGO
"Rs1,685,000","2016 - 94,000 km",Swift DLX 1.3 Auto,"SADDAR, KARACHI",4 WEEKS AGO
"Rs410,000","1991 - 60,000 km",I m selling suzuki swift model 1991,"HARLEY STREET, RAWALPINDI",4 WEEKS AGO
"Rs1,160,000","2011 - 900,000 km",Swift 2011 DX,SUKKUR,4 WEEKS AGO
"Rs2,750,000","2017 - 19,000 km",Swift UK model,"BAHRIA TOWN, LAHORE",4 WEEKS AGO
"Rs1,150,000","2010 - 150,000 km",Cultus vxl can b exchange with swift car difference can b decided,"BLUE AREA, ISLAMABAD",4 WEEKS AGO
"Rs1,540,000","2013 - 61,000 km",Swift auto 2013,"KARIMABAD, KARACHI",4 WEEKS AGO
"Rs1,445,000","2012 - 80,000 km",Suzuki Swift DLX 1.3,"CHATHA BAKHTAWAR, ISLAMABAD",4 WEEKS AGO
"Rs1,450,000","2012 - 110,000 km",Swift For Sale,MITHI,4 WEEKS AGO
"Rs1,650,000","2016 - 43,000 km",Suzuki swift 2016 auto,FAISALABAD,4 WEEKS AGO
"Rs1,550,000","2015 - 65,000 km",Suzuki swift,"NORTH NAZIMABAD, KARACHI",4 WEEKS AGO
"Rs1,490,000","2014 - 98,000 km",Suzuky swift. Neat and clean car.,ABBOTTABAD,4 WEEKS AGO
"Rs1,820,000","2018 - 65,000 km",Suzuki swift 1.3 MT DLX,"E-11, ISLAMABAD",4 WEEKS AGO
"Rs1,200,000","2010 - 150,000 km",Suzuki swift,SIALKOT,4 WEEKS AGO
"Rs1,390,000","2014 - 122,000 km",Suzuki swift dlx 2014,"DHA PHASE 1, LAHORE",4 WEEKS AGO
"Rs1,755,000","2018 - 71,000 km",Suzuki swift 2018 for sale in lahore,"RIWAZ GARDEN, LAHORE",4 WEEKS AGO
"Rs320,000","1995 - 100,000 km",Suzuki khyber swift 1995,"PIDC, KARACHI",4 WEEKS AGO
"Rs1,490,000","2014 - 93,000 km",Swift DLX 1.3 B2B original,QUETTA,4 WEEKS AGO
"Rs1,550,000","2015 - 105,525 km",Suzuki swift DLX 1.3 Model 2015 Phoenix Red color,"KALMA CHOWK, LAHORE",4 WEEKS AGO
"Rs115,000","1989 - 100,000 km",Khyber 1989 swift,"MAYMARABAD, KARACHI",4 WEEKS AGO
"Rs1,450,000","2014 - 83,000 km",Suzuki Swift Dx,"SADDAR TOWN, KARACHI",4 WEEKS AGO
"Rs320,000","1985 - 50,000 km",Suzuki Swift,SWAT,4 WEEKS AGO
"Rs1,199,999","2012 - 138,000 km",suzuki swift,"GHOUS GARDEN, LAHORE",4 WEEKS AGO
"Rs1,650,000","2016 - 140,000 km",Suzuki Swift 2016,PAKISTAN,4 WEEKS AGO
"Rs1,620,000","2016 - 42,188 km",Suzuki swift DLX 1.3 full orignal,"ZAMAN TOWN, KARACHI",4 WEEKS AGO
"Rs1,470,000","2012 - 77,000 km",Suzuki swift 2011 modle brand new,PAKISTAN,4 WEEKS AGO
"Rs1,875,000","2018 - 3,500 km",Swift 2018 only 3500 km Brand new,"NAZIMABAD, KARACHI",4 WEEKS AGO
"Rs1,175,000",2011 - 1 km,Suzuki Swift 2011 model DX good condition,"PAK ARAB HOUSING SOCIETY, LAHORE",4 WEEKS AGO
"Rs1,350,000","2012 - 10,000 km",Selling my swift,"CHUNGI AMAR SADHU, LAHORE",4 WEEKS AGO
"Rs1,170,000","2010 - 170,000 km",Suzuki swift good condition,"PCSIR STAFF COLONY, LAHORE",4 WEEKS AGO
"Rs1,780,000","2017 - 45,998 km",Suzuki Swift 1.3 Dlx Fully Genuine Car,"KORANGI, KARACHI",4 WEEKS AGO
"Rs2,150,000","2020 - 5,000 km",Suzuki Swift 1.3 DLX Automatic for Sale,"NORTH NAZIMABAD, KARACHI",4 WEEKS AGO
"Rs1,250,000","2012 - 95,000 km",Suzuki Swift Manual 2012 Modle for Sell,"AIRPORT, KARACHI",4 WEEKS AGO
"Rs1,530,000","2016 - 107,000 km","Swift DLX for sale, full genuine","BUFFER ZONE 1, KARACHI",4 WEEKS AGO
"Rs1,570,000","2014 - 100,000 km",Japanese Swift Automatic (Model 2008 Import 2014),PESHAWAR,4 WEEKS AGO
"Rs1,680,000","2011 - 171,000 km",Swift japani 2011/2015 new shape,QUETTA,4 WEEKS AGO
"Rs1,900,000","2017 - 36,695 km",Swift dlx auto 100 percent original no coloyr no touchup,"BUFFER ZONE 1, KARACHI",4 WEEKS AGO
"Rs1,165,000","2010 - 112,949 km",Suzuki Swift DLX 1300 cc,"GULISTAN-E-JAUHAR BLOCK 1, KARACHI",4 WEEKS AGO
"Rs1,800,000","2018 - 80,000 km",Suzuki swift Dlx navigation,GUJRANWALA,4 WEEKS AGO
"Rs1,400,000","2013 - 130,000 km",Swift DLX 1.3 2013,"NORTH KARACHI BUFFER ZONE, KARACHI",4 WEEKS AGO
"Rs1,525,000","2015 - 90,000 km",Swift 2015 DX 1.3 good condition,"NISHTAR COLONY, LAHORE",4 WEEKS AGO
"Rs1,400,000","2011 - 170,000 km",Swift 2011,"SAIDPUR ROAD, RAWALPINDI",4 WEEKS AGO
"Rs1,260,000","2011 - 95,000 km",Suzuki swift dlx 1.3 manual,"GULISTAN-E-JAUHAR BLOCK 19, KARACHI",4 WEEKS AGO
"Rs1,500,000","2015 - 120,000 km",Suzuki swift DLX 1.3 for sale. 2015 model,"F-10, ISLAMABAD",4 WEEKS AGO
"Rs1,375,000","2013 - 114,000 km",suzuki swift 2 iece touch bki total jenion h,FAISALABAD,4 WEEKS AGO
"Rs1,650,000","2016 - 61,581 km",Suzuki swift 1.3 DLX 2016 for sale,"DEFENCE VIEW SOCIETY, KARACHI",4 WEEKS AGO
"Rs1,970,000","2019 - 27,927 km",Gift for swift,RAHIMYAR KHAN,4 WEEKS AGO
"Rs1,480,000","2014 - 80,000 km",For Sale Suzuki Swift 1300 cc,"I-8, ISLAMABAD",4 WEEKS AGO
"Rs1,370,000","2012 - 145,000 km",Suzuki SWIFT,"BANK ROAD, RAWALPINDI",4 WEEKS AGO
"Rs1,875,000","2017 - 47,000 km",Suzuki Swift Automatic Navigation 2017,"GULSHAN-E-IQBAL BLOCK 13, KARACHI",4 WEEKS AGO
"Rs650,000","1990 - 123,456 km",Suzuki margala swift japani.,SWABI,4 WEEKS AGO
"Rs1,350,000","2012 - 140,000 km",Suzuki swift excellent condition home used car,"DHA PHASE 6, LAHORE",4 WEEKS AGO
"Rs1,500,000","2014 - 37,000 km",Suzuki swift,"GARDEN EAST, KARACHI",4 WEEKS AGO
"Rs1,850,000",2017 - 96 km,Swift Automatic 2017 Register 2018,KHAIRPUR,4 WEEKS AGO
"Rs1,270,000","2011 - 80,000 km",Swift,PAKISTAN,4 WEEKS AGO
"Rs1,725,000","2017 - 42,000 km",suzuki swift 2017(december) just like a new car,"DHA PHASE 3, LAHORE",4 WEEKS AGO
"Rs1,800,000","2018 - 23,000 km",2018 swift totally geniune,"PREM NAGAR, LAHORE",4 WEEKS AGO
"Rs1,480,000","2012 - 153,000 km",Suzuki swift islamabad number,PESHAWAR,4 WEEKS AGO
"Rs1,370,000","2012 - 109,000 km",Swift in good condition,"G-10, ISLAMABAD",4 WEEKS AGO
"Rs1,650,000","2015 - 81,000 km",Suzuki swift,MULTAN,4 WEEKS AGO
"Rs310,000","1989 - 200,000 km",Khyber swift 1989 japan assembled,"FAROOQ-E-AZAM, KARACHI",4 WEEKS AGO
"Rs1,290,000",2012 - 160 km,Suzuki Swift 2012 Total Genuine,"WAHDAT ROAD, LAHORE",4 WEEKS AGO
"Rs1,490,000","2012 - 60,500 km",Suzuki swift DLX 1.3,PAKISTAN,4 WEEKS AGO
"Rs1,590,000","2013 - 65,000 km",Suzuki Swift DLX Automatic geniune,"I-10, ISLAMABAD",4 WEEKS AGO
"Rs400,000","1990 - 50,000 km",Suzuki swift,LAYYAH,4 WEEKS AGO
"Rs1,450,000","2012 - 140,000 km",Suzuki Swift Neat & Clean Car,"GULSHAN-E-AIWAN HOUSING SOCIETY, LAHORE",4 WEEKS AGO
"Rs1,800,000","2016 - 64,000 km",Swift Auto Navigation 1st owner,PAKISTAN,4 WEEKS AGO
"Rs1,350,000","2013 - 163,000 km",Suzuki swift DX,"ASKARI IV, KARACHI",4 WEEKS AGO
"Rs1,425,000",2011 - 60 km,Total genuine Suzuki Swift for sale. . .,FAISALABAD,4 WEEKS AGO
"Rs1,125,000","2010 - 88,000 km",Suzuki swift DLX,"KARACHI ADMINISTRATION EMPLOYEES SOCIETY, KARACHI",4 WEEKS AGO
"Rs1,625,000","2015 - 35,000 km",Suzuki swift 2015 for sale,MIRPUR,4 WEEKS AGO
"Rs1,325,000","2012 - 144,000 km",Swift Dlx for sale,PESHAWAR,4 WEEKS AGO
"Rs1,840,000","2018 - 50,000 km",Swift manual 2018 BtB original with grantee,"BLUE AREA, ISLAMABAD",4 WEEKS AGO
"Rs1,600,000","2017 - 76,000 km",Suzuki swift model,"GARDEN WEST, KARACHI",4 WEEKS AGO
"Rs1,795,000","2018 - 35,000 km",Suzuki swift 2018,"MALIR LINK TO SUPER HIGHWAY, KARACHI",4 WEEKS AGO
"Rs1,375,000","2012 - 118,000 km",swift DLX for sale or exchange possible with Aqua,"SHADBAGH, LAHORE",4 WEEKS AGO
"Rs1,590,000","2013 - 70,000 km",for automatic swift lover antique car,"SHADBAGH, LAHORE",4 WEEKS AGO
"Rs1,660,000","2013 - 73,578 km",Suzuki Swift 2012 with speaker and CD player,"NORTH NAZIMABAD, KARACHI",4 WEEKS AGO
"Rs1,550,000","2010 - 93,776 km",Suzuki swift,CHAKWAL,4 WEEKS AGO
"Rs1,725,000","2017 - 39,000 km",Suzuki swift 2017 manual,"JANJUA TOWN, RAWALPINDI",4 WEEKS AGO
"Rs2,100,000","2020 - 20,000 km",Suzuki Swift 1.3 Automatic,PESHAWAR,4 WEEKS AGO
"Rs1,400,000","2011 - 14,855 km",Swift Car,"PACE WOODLANDS, LAHORE",4 WEEKS AGO
"Rs1,720,000","2019 - 11,530 km",SUZUKI SWIFT MANUAL MODEL:2019,"OTHERS, KARACHI",4 WEEKS AGO
"Rs1,690,000","2016 - 78,000 km",Suzuki Swift 1.3DLX 2016,"AFSHAN COLONY, RAWALPINDI",4 WEEKS AGO
"Rs1,370,000","2013 - 120,000 km",Suzuki Swift 2013,"FEROZEPUR ROAD, LAHORE",4 WEEKS AGO
"Rs1,820,000","2016 - 71,550 km",Suzuki swift,FAISALABAD,4 WEEKS AGO
"Rs1,300,000","2012 - 130,000 km",Swift 2012 model dlx,GUJRAT,4 WEEKS AGO
"Rs1,525,000","2016 - 95,000 km",Suzuki swift 2016/2017,RAHIMYAR KHAN,4 WEEKS AGO
"Rs1,380,000","2013 - 76,002 km",Suzuki Swift DLX,"MEHAR FIAZ COLONY, LAHORE",4 WEEKS AGO
"Rs1,550,000","2016 - 68,650 km",suzuki swift 2016 Chakwal,CHAKWAL,4 WEEKS AGO
"Rs2,000,000","2018 - 47,000 km",Suzuki Swift 1.3 DLX 2018,"MAULANA SHAUKAT ALI ROAD, LAHORE",4 WEEKS AGO
"Rs1,300,000","2011 - 150,000 km",Suzuki swift 2011,"SAGGIAN, LAHORE",4 WEEKS AGO
"Rs1,750,000","2016 - 63,000 km",Swift colour white,"SABZAZAR, LAHORE",4 WEEKS AGO
"Rs1,425,000","2013 - 82,456 km","My suzuki swift DXL,","BHUTTO NAGAR, KARACHI",4 WEEKS AGO
"Rs1,550,000","2014 - 100,005 km","Suzuki Swift, 2014 manual for sale in Sukkur",SUKKUR,4 WEEKS AGO
"Rs320,000","1996 - 100,000 km",Model. 1996. suzuki swift. neat and calen. new tyer. Engin. new.,SARGODHA,4 WEEKS AGO
"Rs1,250,000","2011 - 150,000 km",Suzuki swift 1.3 dlx full option,"BABAR COLONY, RAWALPINDI",4 WEEKS AGO
"Rs1,280,000","2012 - 123,456 km",Suzuki swift dlx,SADIQABAD,4 WEEKS AGO
"Rs1,520,000","2013 - 80,000 km",suzuki swift automatic urgent sale,"OTHERS, ISLAMABAD",1 MONTH AGO
"Rs1,260,000","2011 - 200,000 km",Suzuki swift DLX 1.3 ZERO METER,FAISALABAD,1 MONTH AGO
"Rs1,220,000",2010 - 1 km,Swift 1.3 DlX 2010 model,"BANI GALA, ISLAMABAD",1 MONTH AGO
"Rs370,000","1989 - 19,520 km",suzuki swift japani,BANNU,1 MONTH AGO
"Rs1,475,000","2013 - 106,000 km",Suzuki Swift DLX 2013 Model For sale in Lahore,"MARGHZAR OFFICERS COLONY, LAHORE",1 MONTH AGO
"Rs1,350,000","2012 - 62,500 km",O33I9I6OOI6 SWIFT 1.3 urgent sale family use,"CANTT, LAHORE",1 MONTH AGO
"Rs1,950,000","2019 - 20,169 km",Suzuki Swift DLX 1.3 Navigation Manual,"KALYANA, KARACHI",1 MONTH AGO
"Rs280,000","1987 - 70,000 km","Suzuki Khyber/Swift 280,000","GULSHAN-E-IQBAL BLOCK 1, KARACHI",1 MONTH AGO
"Rs230,000","1988 - 50,000 km",suzuki swift khyber only petrol outside shower inside original,"SAFOORA GOTH, KARACHI",1 MONTH AGO
"Rs310,000","1997 - 210,000 km",Swift Khyber for sale,HAROONABAD,1 MONTH AGO
"Rs1,550,000","2017 - 70,000 km",Suzuki Swift 2017 Dlx Navigation.,"CUTCHI MEMON COOPERATIVE HOUSING SOCIETY, KARACHI",1 MONTH AGO
"Rs350,000","1987 - 90,000 km",Khyber swift Japanese All documents clear lifetime tokens,"MOTORWAY CHOWK, ISLAMABAD",1 MONTH AGO
"Rs1,700,000","2017 - 68,000 km",suzuki swift 2017 mode,"GULBERG 2, LAHORE",1 MONTH AGO
"Rs2,100,000","2019 - 20,000 km",Suzuki swift,"KEMARI TOWN, KARACHI",1 MONTH AGO
"Rs1,310,000","2013 - 66,000 km",I am selling swift awsem condition,"DHA PHASE 3, LAHORE",1 MONTH AGO
"Rs1,250,000","2012 - 79,760 km",Urgently sale swift 2012,"SADDAR, KARACHI",1 MONTH AGO
"Rs1,440,000","2013 - 143,000 km",Suzuki swift chakwal,CHAKWAL,1 MONTH AGO
"Rs1,295,000","2011 - 200,000 km",Suzuki Swift 2011,"G-11, ISLAMABAD",1 MONTH AGO
"Rs1,895,000","2019 - 25,000 km",Suzuki Swift 2019,"GULSHAN-E-IQBAL BLOCK 1, KARACHI",1 MONTH AGO
"Rs1,290,000","2012 - 145,000 km",Suzuki swift Neat and Clean,"SAGGIAN, LAHORE",1 MONTH AGO
"Rs1,325,000","2012 - 155,000 km",Suzuki swift DX,"CHUNGI AMAR SADHU, LAHORE",1 MONTH AGO
"Rs1,550,000","2016 - 84,000 km",Suzuki swift Dlx,"TARIQ ROAD, KARACHI",1 MONTH AGO
"Rs1,100,000","2010 - 200,000 km",Swift 1.3 DLX fully fresh shower outer,HYDERABAD,1 MONTH AGO
"Rs1,400,000","2014 - 109,000 km",Well Maintained Suzuki Swift 2014 Model!,PESHAWAR,1 MONTH AGO
"Rs1,770,000","2016 - 37,000 km",Suzuki swift,"DATA DARBAR ROAD, LAHORE",1 MONTH AGO
"Rs195,000","1986 - 100,000 km",Swift 1986 ac cng,PAKISTAN,1 MONTH AGO
"Rs1,630,000","2017 - 38,000 km",Suzuki swift dlx - Navigation - 2017,"ALLAMA IQBAL TOWN, LAHORE",1 MONTH AGO
"Rs1,300,000",2011 - 123 km,Suzuki Swift,MULTAN,1 MONTH AGO
"Rs1,425,000","2012 - 102,000 km",Suzuki swift DLX,WAH,1 MONTH AGO
"Rs1,550,000","2014 - 100,000 km",Suzuki Swift Mint condition,"TOWNSHIP, LAHORE",1 MONTH AGO
"Rs1,440,000","2014 - 110,000 km",Suzuki Swift Mint condition,"GULSHAN-E-HADEED, KARACHI",1 MONTH AGO
"Rs1,510,000","2016 - 78,000 km",Suzuki Swift Dlx 1.3 Navigation,"SOAN GARDEN, ISLAMABAD",1 MONTH AGO
"Rs1,485,000","2014 - 93,000 km",Automatic Swift 1.3 DLX,"F-10, ISLAMABAD",1 MONTH AGO
"Rs1,360,000","2013 - 103,700 km",Suzuki swift dlx,GUJRANWALA,1 MONTH AGO
"Rs1,800,000","2017 - 80,000 km",Swift car in 10/9.5 condition just like new.,"JOHAR TOWN, LAHORE",1 MONTH AGO
"Rs1,640,000","2013 - 130,000 km",Suzuki Swift DLX 1.3 NAV,"SUNDERDAS ROAD, LAHORE",1 MONTH AGO
"Rs320,000","1991 - 200,000 km",Khyber Swift 1.0,"SHEIKHUPURA ROAD, LAHORE",1 MONTH AGO
"Rs1,295,000","2014 - 60,000 km",Suzuki swift 1.3 2014 DLX 1st owner,"GULSHAN-E-MAYMAR, KARACHI",1 MONTH AGO
"Rs1,900,000","2017 - 39,000 km",Suzuki Swift (Automatic) 2017 Excellent Condition,"NAVY HOUSING SCHEME KARSAZ, KARACHI",1 MONTH AGO
"Rs1,995,000","2018 - 52,000 km",Suzuki Swift 1.3 Automatic 2018,"G-13, ISLAMABAD",1 MONTH AGO
"Rs1,760,000","2016 - 11,800 km",Swift 2016 First Owner Mint and original condition,"GULISTAN-E-JAUHAR BLOCK 9, KARACHI",1 MONTH AGO
"Rs295,000","1985 - 100,000 km",Suzuki Khayber ( Swift ),"GULBERG, ISLAMABAD",1 MONTH AGO
"Rs1,275,000","2012 - 134,000 km",I want to sell my suzuki swift full lush condition,"AIRPORT ROAD, LAHORE",1 MONTH AGO
"Rs1,700,000","2015 - 90,000 km",Good condition for her family suzuki swift dlx automatic transmission,"SAEEDABAD, KARACHI",1 MONTH AGO
"Rs1,720,000","2016 - 55,500 km",Sazuki Swift 1.3 DLX,"LIAQUAT COLONY, RAWALPINDI",1 MONTH AGO
"Rs1,910,000","2018 - 23,700 km",Swift 2018 brand new condition,MIRPUR,1 MONTH AGO
"Rs1,850,000","2017 - 30,000 km",Swift,FAISALABAD,1 MONTH AGO
"Rs1,630,000","2013 - 84,000 km",Szuki swift dlx 1.3 silver color 2013 model,"CHANMAN ABAD, RAWALPINDI",1 MONTH AGO
"Rs1,875,000","2019 - 59,850 km",Suzuki Swift DLX 1.3 Navigation 2019,"BAHRIA TOWN, ISLAMABAD",1 MONTH AGO
"Rs1,330,000","2012 - 97,000 km",Suzuki swift DLX 2012,"WALTON ROAD, LAHORE",1 MONTH AGO
"Rs2,050,000","2012 - 30,000 km",Suzuki swift japanese rs 1.2,PESHAWAR,1 MONTH AGO
"Rs190,000","1989 - 100,000 km",Khyber swift,MIANWALI,1 MONTH AGO
"Rs370,000","1995 - 100,000 km",I am selling car khyber swift,"SHAHRA-E-FAISAL, KARACHI",1 MONTH AGO
"Rs1,375,000","2012 - 60,000 km",Suzuki swift (dlx),"WAPDA TOWN, LAHORE",1 MONTH AGO
"Rs228,000","1988 - 1,000 km",Suzuki swift khyber 1.3Gti 1988 1st owner,"NORTH KARACHI, KARACHI",1 MONTH AGO
"Rs1,800,000","2018 - 67,000 km",Susuki swift DLX menual,HYDERABAD,1 MONTH AGO
"Rs350,000","1988 - 100,000 km",Suzuki khybar Swift japani Petrol Engine,WAH,1 MONTH AGO
"Rs1,150,000","2011 - 98,000 km",suzuki swift engine sispention 100ha android panel,GUJRAT,1 MONTH AGO
"Rs390,000","1987 - 150,000 km",suzuki swift 1987,"SHIRAZ VILLAS, LAHORE",1 MONTH AGO
"Rs1,650,000","2017 - 38,000 km",Suzuki swift 2016/2017,SADIQABAD,1 MONTH AGO
"Rs1,325,000","2012 - 9,999 km",HOME USED SWIFT DLX1.3,ABBOTTABAD,1 MONTH AGO
"Rs480,000","1989 - 100,000 km",Suzuki khyber swift Japanese.,LAYYAH,1 MONTH AGO
"Rs1,820,000","2016 - 64,000 km",Swift Automatic Navigation,"MANZOOR COLONY, KARACHI",1 MONTH AGO
"Rs1,530,000","2013 - 60,000 km",Swift 1.3 Dlx 2013 Model Location Qadirabad,MANDI BAHAUDDIN,1 MONTH AGO
"Rs1,630,000","2015 - 55,000 km",SUZUKI SWIFT DLX 2015,"AL-HADI GARDEN, LAHORE",1 MONTH AGO
"Rs350,000","1990 - 100,000 km",Margalla ( Swift ) Family Use,BAHAWALPUR,1 MONTH AGO
"Rs2,210,000","2019 - 20,000 km",Suzuki swift automatic 2019,"F-10, ISLAMABAD",1 MONTH AGO
"Rs1,870,000","2017 - 62,000 km",Suzuki Swift Dlx Automatic Model 2017 1st Owner,"TARIQ ROAD, KARACHI",1 MONTH AGO
"Rs1,530,000","2013 - 85,000 km",Swift automatic,"DAK KHANA, KARACHI",1 MONTH AGO
"Rs1,270,000","2011 - 121,000 km",SUZUKI SWIFT DX 1.3,ATTOCK,1 MONTH AGO
"Rs1,420,000","2013 - 86,000 km",Swift 2013 for sale,"GULSHAN-E-MAYMAR, KARACHI",1 MONTH AGO
"Rs1,770,000","2019 - 38,000 km",Suzuki Swift dlx 1.3 total genuine,"MODEL TOWN, LAHORE",1 MONTH AGO
"Rs2,250,000","2013 - 99,000 km",Japani swift 2020 Reg,PESHAWAR,1 MONTH AGO
"Rs285,000","1989 - 58,000 km",Suzuki Swift 1989/93,"CENTRAL JACOB LINES, KARACHI",1 MONTH AGO
"Rs1,600,000","2013 - 65,000 km",SUZUKI SWIFT DLX AUTOMATIC,"I-10, ISLAMABAD",1 MONTH AGO
"Rs1,835,000","2018 - 62,000 km",Suzuki Swift in Excellent Condition with New tyre and new Battery,"KDA SCHEME 1, KARACHI",1 MONTH AGO
"Rs1,280,000","2012 - 70,000 km",Suzuki Swift 1.3DLX,"CLIFTON, KARACHI",1 MONTH AGO
"Rs1,165,000","2012 - 110,000 km",Suzuki Swift 2012 Dlx 1.3 Geniune condition,"BANKERS CO-OPERATIVE HOUSING SOCIETY, LAHORE",1 MONTH AGO
"Rs1,500,000","2014 - 107,000 km",Suzuki Swift 14 Model Islamabad Registered,GUJRAT,1 MONTH AGO
"Rs1,800,000","2017 - 85,000 km","Suzuki swift Dlx 1.3 , 2017 model","GARDEN EAST, KARACHI",1 MONTH AGO
"Rs1,550,000","2013 - 62,000 km",2013 swift auto,"OTHERS, KARACHI",1 MONTH AGO
"Rs1,600,000","2014 - 80,864 km",Suzuki Swift DLX 1.3 2014,"DHA PHASE 2, KARACHI",1 MONTH AGO
"Rs1,150,000","2011 - 74,500 km",Swift 2011,"MALIR, KARACHI",1 MONTH AGO
"Rs1,330,000","2012 - 76,000 km",Suzuki swift argent sale karni hai need cash,"OTHERS, KARACHI",1 MONTH AGO
"Rs1,635,000","2015 - 82,000 km",Swift DLX MT,SAHIWAL,1 MONTH AGO
"Rs1,760,000","2016 - 20,000 km",Suzuki swift totally genuine Islamabad,"HARLEY STREET, RAWALPINDI",1 MONTH AGO
"Rs1,350,000","2012 - 83,000 km",Swift 12 Model Condition 10 by 10 Demand 1350000,MUZAFFARGARH,1 MONTH AGO
"Rs300,000","1987 - 123,454 km",Aoa Suzuki swift Available,ABBOTTABAD,1 MONTH AGO
"Rs270,000",1992 - 123 km,Suzuki Khyber swift 92 model,HARIPUR,1 MONTH AGO
"Rs1,770,000","2017 - 79,000 km",Suzuki swift 1.3DLX 2016-2017,ATTOCK,1 MONTH AGO
"Rs2,110,000","2018 - 6,880 km",Suzuki swift 1.3 auto transmission,"QASBA COLONY, KARACHI",1 MONTH AGO
"Rs1,725,000","2017 - 58,625 km",Suzuki Swift DLX Navigation Package,"SHAHRAH NAZARIA-E-PAKISTAN AVENUE, LAHORE",1 MONTH AGO
"Rs1,470,000","2015 - 71,000 km",Suzuki swift 2015 Dlx,"GULISTAN-E-JAUHAR BLOCK 13, KARACHI",1 MONTH AGO
"Rs1,390,000","2013 - 82,000 km",Suzuki Swift 2013 Model Full Genioune,HYDERABAD,1 MONTH AGO
"Rs4,750,000","1989 - 79,174 km",Suzuki Khyber swift 89 model Japanese assembled,"F-7, ISLAMABAD",1 MONTH AGO
"Rs1,790,000","2017 - 41,000 km",Suzuki swift dlx,"DHA PHASE 8, LAHORE",1 MONTH AGO
"Rs1,280,000",2012 - 160 km,Suzuki Swift DX 2012 Total Genuine,"WAHDAT ROAD, LAHORE",1 MONTH AGO
"Rs1,110,000","2011 - 110,000 km",Suzuki swift dx 2011 model,NANKANA SAHIB,1 MONTH AGO
"Rs1,800,000","2016 - 36,000 km",Suzuki swift for sale,PESHAWAR,1 MONTH AGO
"Rs280,000","1993 - 150,000 km",Suzuki Swift 1988/1993 Recondition JaPan Assemble,"NORTH NAZIMABAD, KARACHI",1 MONTH AGO
"Rs1,250,000","2010 - 85,680 km",Suzuki swift full opshan. multan number total genuine,BAHAWALPUR,1 MONTH AGO
"Rs280,000","1994 - 10,201 km",Khybar swift 1994,"ALLAHABAD ROAD, RAWALPINDI",1 MONTH AGO
"Rs1,775,000","2017 - 95,000 km",Suzuk swift 2017 dlx mint conditin,"BAHRIA TOWN, ISLAMABAD",1 MONTH AGO
"Rs1,400,000","2012 - 114,000 km",Suzuki Swift 2012,ABBOTTABAD,1 MONTH AGO
"Rs1,630,000","2017 - 35,000 km",Swift 2017 December manual,"DHA PHASE 2, KARACHI",1 MONTH AGO
"Rs1,950,000","2018 - 44,610 km",Suzuki swift,MULTAN,1 MONTH AGO
"Rs1,325,000","2011 - 85,000 km",Suzuki Swift 1.3 Dlx,"OTHERS, KARACHI",1 MONTH AGO
"Rs1,625,000","2013 - 146,000 km",Bumper to bumper genuine full option suzuki swift for sale,"KHAYABAN-E-AMIN, LAHORE",1 MONTH AGO
"Rs1,880,000","2017 - 9,800 km",Suzuki swift,"GULISTAN-E-JAUHAR BLOCK 10, KARACHI",1 MONTH AGO
"Rs1,335,000","2012 - 123,000 km",Suzuki Swift DX 2012 Lahore Register Sale for Home Used,MULTAN,1 MONTH AGO
"Rs1,450,000","2016 - 100,000 km","Swift 2016 ,1.3 dlx",KHUSHAB,1 MONTH AGO
"Rs1,480,000","2014 - 100,000 km",Swift. 14model white,BAHAWALPUR,1 MONTH AGO
"Rs1,785,000","2017 - 55,000 km",Suzuki swift,FAISALABAD,1 MONTH AGO
"Rs1,250,000","2012 - 150,000 km",Suzuki Swift 2012 Dx. 100% Non accidental. Full and final price.,"NABHA ROAD, LAHORE",1 MONTH AGO
"Rs1,250,000","2012 - 150,000 km",Suzuki Swift DX. Excellent engine and 100% non Accidental,DASKA,1 MONTH AGO
"Rs1,600,000","2016 - 65,000 km","Suzuki swift DLX, model 2016, white colour, first owner","DHA PHASE 7, KARACHI",1 MONTH AGO
"Rs1,650,000","2016 - 45,000 km",Swift total oroginal 2016 model,"MODEL COLONY, KARACHI",2 MONTHS AGO
"Rs1,550,000","2017 - 83,000 km",Suzuki Swift DLX,"TARIQ ROAD, KARACHI",2 MONTHS AGO
"Rs1,915,000","2010 - 10,786 km",Suzuki swift 2010 new shape japanese,QUETTA,2 MONTHS AGO
"Rs1,650,000","2017 - 100,000 km",Suzuki swift 2017 DLX 1.3 for sale,"GULRAIZ HOUSING SCHEME, RAWALPINDI",2 MONTHS AGO
"Rs1,700,000","2018 - 57,000 km",Swift DLX 2018,GUJRANWALA,2 MONTHS AGO
"Rs1,470,000","2015 - 173,000 km",Suzuki swift DX,"HIGHCOURT SOCIETY, LAHORE",2 MONTHS AGO
"Rs1,325,000","2010 - 140,000 km",Swift 2010,"PEOPLE COLONY, RAWALPINDI",2 MONTHS AGO
"Rs425,000","1991 - 41,235 km","Suzuki Swift(Khyabar) , modified. Family used car",LAYYAH,2 MONTHS AGO
"Rs2,050,000","2019 - 50,000 km",Suzuki Swift Automatic Nevigation,"MOINABAD, KARACHI",2 MONTHS AGO
"Rs2,100,000","2020 - 24,000 km",Suzuki Swift DlX 2020 manual,PESHAWAR,2 MONTHS AGO
"Rs1,325,000","2013 - 84,000 km",Suzuki swift DLX 1.3 manual,"NEW KARACHI, KARACHI",2 MONTHS AGO
"Rs1,295,000","2012 - 89,000 km",I'm selling Suzuki Swift DX Like New Car,"GREEN CAP HOUSING SOCIETY, LAHORE",2 MONTHS AGO
"Rs370,000","1990 - 110,000 km",Suzuki Swift-Khyber white model 1990,SIALKOT,2 MONTHS AGO
"Rs1,420,000","2007 - 230,000 km",Suzuki swift japan 2007 ragistar 2013,PESHAWAR,2 MONTHS AGO
"Rs1,995,000","2018 - 34,000 km",Suzuki Swift DLX Auto/Navi 2018,"DHA PHASE 6, KARACHI",2 MONTHS AGO
"Rs315,000",1990 - 1 km,"Khyber Swift Modified,   ","FAIZABAD, RAWALPINDI",2 MONTHS AGO
"Rs1,485,000","2014 - 80,000 km",For Sale Suzuki Swift 1300 cc,"I-8, ISLAMABAD",2 MONTHS AGO
"Rs1,340,000","2013 - 120,000 km",Suzuki Swift,"TARNOL, ISLAMABAD",2 MONTHS AGO
"Rs1,915,000","2019 - 42,000 km",Suzuki swift 2019 DLX model lhr registered,BUREWALA,2 MONTHS AGO
"Rs1,350,000","2012 - 10,000 km",Suzuki swift 2012,MULTAN,2 MONTHS AGO
"Rs1,400,000","2013 - 120,000 km",suzuki swift DLx 1.3,"MUSLIM TOWN, ISLAMABAD",2 MONTHS AGO
"Rs1,300,000","2013 - 113,000 km",Suzuki swift dlx1.3,"GULSHAN-E-RAVI, LAHORE",2 MONTHS AGO
"Rs1,750,000","2017 - 41,000 km",Suzuki swift dlx navigation,"NORTH NAZIMABAD, KARACHI",2 MONTHS AGO
"Rs1,790,000","2018 - 36,000 km",Suzuki swift,"GULSHAN-E-AIWAN HOUSING SOCIETY, LAHORE",2 MONTHS AGO
"Rs1,925,000","2017 - 45,000 km",Suzuki Swift 2017 1.3 DLX Automatic NAV 45000km Brand New Untouched,"ASKARI IV, KARACHI",2 MONTHS AGO
"Rs1,625,000","2016 - 90,000 km",Swift DlX 2016,"SABZAZAR, LAHORE",2 MONTHS AGO
"Rs345,000","1987 - 100,000 km",Kheibar swift jenvan car cng petrol ac heitar working fresh injan,"FATEH JANG ROAD, ISLAMABAD",2 MONTHS AGO
"Rs1,300,000","2011 - 160,000 km",Suzuki swift 2011,PESHAWAR,2 MONTHS AGO
"Rs200,000","1989 - 100,000 km",Suzuki swift khyber,PAKISTAN,2 MONTHS AGO
"Rs1,430,000","2013 - 95,000 km",Suzuki swift dlx 2013 model look like a new and good condition,"PASSCO HOUSING SOCIETY, LAHORE",2 MONTHS AGO
"Rs1,250,000","2010 - 1,300 km",1300cc swift szuki deluxe injin petrol ghri,ABBOTTABAD,2 MONTHS AGO
"Rs1,580,000","2016 - 80,000 km",Suzuki Swift,"ARCHITECTS ENGINEERS HOUSING SOCIETY, LAHORE",2 MONTHS AGO
"Rs1,225,000","2011 - 95,763 km",Suzuki swift gun metailic color,"NORTH KARACHI, KARACHI",2 MONTHS AGO
"Rs1,320,000",2010 - 786 km,suzuki swift dlx,"GARDEN TOWN, ISLAMABAD",2 MONTHS AGO
"Rs1,250,000","2011 - 152,000 km",Suzuki Swift DX 2011 Model,OKARA,2 MONTHS AGO
"Rs280,000","1989 - 12,345 km",Suzuki khyber (swift),"GULBERG TOWN, KARACHI",2 MONTHS AGO
"Rs1,340,000","2013 - 98,000 km",Swift 2013 (Almost Genuine Condition) Army officer used,SUKKUR,2 MONTHS AGO
"Rs1,350,000","2013 - 114,541 km",Swift 2013 Dx 1.3,"F-8, ISLAMABAD",2 MONTHS AGO
"Rs220,000","1991 - 78,000 km",Suzuki khyber swift,"KOT ABDUL MALIK, LAHORE",2 MONTHS AGO
"Rs180,000",1987 - 123 km,Suzuki Khyber swift 1987,"AZIZABAD, KARACHI",2 MONTHS AGO
"Rs1,600,000","2013 - 150,000 km",Suzuki swift DLX,"CANTT, RAWALPINDI",2 MONTHS AGO
"Rs400,000","1990 - 100,000 km",Khyber /Swift 1990 Model for sale.,PESHAWAR,2 MONTHS AGO
"Rs1,600,000","2016 - 79,500 km",Swift dlx,"JOHAR TOWN, LAHORE",2 MONTHS AGO
"Rs450,000","1989 - 50,000 km",Suzuki swift khayber,"KORAL CHOWK, ISLAMABAD",2 MONTHS AGO
"Rs1,250,000","2012 - 100,000 km","Swift DLX 1.3, 2012",GUJRAT,2 MONTHS AGO
"Rs1,370,000",2014 - 15 km,Suzuki Swift car,"GULSHAN FAROOQ COLONY, LAHORE",3 MONTHS AGO
"Rs1,170,000","2011 - 105,000 km",Suzuki swift dx 2011,"ABUL HASSAN ISPHANI ROAD, KARACHI",3 MONTHS AGO
"Rs1,365,000","2013 - 77,000 km",Suzuki swift DX 1.3 Model 2012,"JOHAR TOWN, LAHORE",3 MONTHS AGO
"Rs1,410,000","2013 - 150,000 km",Suzuki Swift DLX,ABBOTTABAD,3 MONTHS AGO
"Rs1,600,000","2015 - 47,000 km",Suzuki Swift DLX 1.3 Model 2015 Colour Silver,"DHA PHASE 3, LAHORE",3 MONTHS AGO
"Rs1,425,000","2014 - 62,000 km",SUZUKI SWIFT 2014 (MANUAL),"ETAWA SOCIETY, KARACHI",3 MONTHS AGO
"Rs2,140,000","2019 - 14,560 km",Suzuki Swift 2019 total original,"E-7, ISLAMABAD",3 MONTHS AGO
"Rs1,200,000",2011 - 139 km,Suzuki swift,PAKISTAN,3 MONTHS AGO
"Rs1,460,000","2007 - 165,000 km",Best 2007 Swift For Sale . Optimum Condition no bargain fix price,ATTOCK,3 MONTHS AGO
"Rs1,230,000","2012 - 80,000 km",Suzuki Swift 2012 Total Genuine Condition,PAKISTAN,3 MONTHS AGO
"Rs350,000","1988 - 100,000 km",Suzuki khyber swift 1988 model,LAYYAH,3 MONTHS AGO
"Rs1,500,000","2015 - 80,000 km",Swift DX in Excellent Condition,"KHAYABAN-E-JINNAH ROAD, LAHORE",3 MONTHS AGO
"Rs2,050,000","2019 - 23,000 km","Suzuki swift Auto Navigation 2019 2,050,000","BAHRIA TOWN KARACHI, KARACHI",3 MONTHS AGO
"Rs190,000",1988 - 1 km,Urgent sale Suzuki khyber Swift 1988 1990 import japanese assembled,"NAZIMABAD, KARACHI",4 MONTHS AGO
"Rs300,000","1991 - 200,000 km",Suzuki swift khyber efi,LAYYAH,4 MONTHS AGO
"Rs390,000","1989 - 100,000 km",Suzuki Khyber/ Swift Club Cultus japani,KOHAT,4 MONTHS AGO
"Rs260,000","1990 - 100,000 km",Suzuki swift 1990 (khyber) 2010 Registered,"GULSHAN-E-MAYMAR, KARACHI",4 MONTHS AGO
"Rs1,650,000","2015 - 55,000 km",Swift dlx automatic,"GULISTAN-E-JAUHAR BLOCK 13, KARACHI",4 MONTHS AGO
"Rs1,690,000","2016 - 115,000 km",Swift manually januin car every thing is ok Ac and heater.,GUJRANWALA,4 MONTHS AGO
"Rs235,000","1989 - 10,269 km",Suzuki Khyber (Swift) car excellent conduction,"KORANGI, KARACHI",4 MONTHS AGO
"Rs2,000,000","2019 - 11,000 km",Suzuki swift 1.3 DLX NAVIGATION 2019,WAH,4 MONTHS AGO
"Rs1,525,000","2015 - 142,500 km",New Car SUZUKI SWIFT DLX 2015 model,"VALENCIA TOWN, LAHORE",4 MONTHS AGO
"Rs1,300,000","2011 - 120,000 km",suzuki swift dx 2011,"RANGE ROAD, RAWALPINDI",5 MONTHS AGO
"Rs320,000",1989 - 123 km,Japani Suzuki swift khyber faimly used car no work required,PAKISTAN,5 MONTHS AGO
"Rs1,275,000","2011 - 129,000 km",Swift DX 1.3 manual transmission,"COMBO COLONY, LAHORE",5 MONTHS AGO
"Rs1,450,000","2012 - 90,818 km",14.50 for one car(29lac both)2012 swift DLX /alto 660 2019 Both manual,"MEDIA TOWN, RAWALPINDI",5 MONTHS AGO
"Rs290,000","1991 - 75,000 km",Suzuki Swift,JHELUM,5 MONTHS AGO
"Rs1,550,000","2015 - 80,000 km",Suzuki Swift DLX,KHANEWAL,5 MONTHS AGO
"Rs1,670,000","2018 - 70,000 km","Swift, 2018model, Registered in 2018. . Total Genuinel",RAHIMYAR KHAN,5 MONTHS AGO
"Rs1,900,000","2018 - 20,000 km","Swift 2018 Brand New condition, Less driven",HYDERABAD,6 MONTHS AGO
"Rs450,000","1988 - 150,000 km",Suzuki swift khyber,"GHAURI TOWN, ISLAMABAD",6 MONTHS AGO
